-- Fichier généré automatiquement

INSERT INTO pays (Code_pays, Nom_pays) VALUES
('FRA', 'France'),
('USA', 'Etats-Unis'),
('GBR', 'Royaume-Uni'),
('JPN', 'Japon'),
('CAN', 'Canada');

INSERT INTO Aéroport (ICAO, IATA_aéroport, Ville, Code_pays) VALUES
('LFPG', 'CDG', 'Paris', 'FRA'),
('LFPO', 'ORY', 'Paris', 'FRA'),
('KJFK', 'JFK', 'New York', 'USA'),
('KLAX', 'LAX', 'Los Angeles', 'USA'),
('EGLL', 'LHR', 'Londres', 'GBR'),
('RJTT', 'HND', 'Tokyo', 'JPN');

INSERT INTO Compagnie_aérienne (IATA_compagnie, Nom, Date_création, Code_pays) VALUES
('AF', 'Air France', '1933-10-07', 'FRA'),
('AA', 'American Airlines', '1926-04-15', 'USA'),
('BA', 'British Airways', '1974-03-31', 'GBR');

INSERT INTO Avion (ID_avion, Code_avion, IATA_compagnie, Code_pays) VALUES
('ID-AV1', 'A344', 'BA', 'GBR'),
('ID-AV2', 'A324', 'AA', 'USA'),
('ID-AV3', 'A332', 'AA', 'USA'),
('ID-AV4', 'A345', 'BA', 'GBR'),
('ID-AV5', 'A341', 'AF', 'FRA'),
('ID-AV6', 'A341', 'AA', 'USA'),
('ID-AV7', 'A327', 'AF', 'FRA'),
('ID-AV8', 'A328', 'BA', 'GBR'),
('ID-AV9', 'A340', 'AF', 'FRA'),
('ID-AV10', 'A338', 'BA', 'GBR');

INSERT INTO Employer (UUID_employer, Nom, Prénom, Date_naissance, Date_embauche, Role, Code_pays, IATA_compagnie) VALUES
('18c103cd-1eb5-4331-9236-d3a80bc55ec5', 'Tremblay', 'Léa', '1994-07-14', '2011-01-12', 'Cdb', 'FRA', 'AF'),
('cd2dd235-54d3-4616-8752-4457f2104ea7', 'Watanabe', 'Emma', '1979-09-19', '2010-02-16', 'Copilote', 'GBR', 'BA'),
('def4d1e9-c605-4b65-9676-6ae1ba989914', 'Smith', 'Luc', '1981-09-14', '2010-07-14', 'Hôtesse', 'USA', 'AA'),
('58948c72-a0c0-4dfd-92b3-793a36702e60', 'Petit', 'Marie', '1985-03-12', '2012-09-12', 'Steward', 'FRA', 'AF'),
('6e746773-fca7-448d-907c-f1eb373186b9', 'Johnson', 'Sophie', '1972-07-11', '2014-03-14', 'Hôtesse', 'USA', 'AA'),
('52af2f12-3e2e-4c40-ae61-3a6fc1343bb1', 'Garcia', 'Hugo', '1976-01-19', '2019-03-13', 'Steward', 'USA', 'AA'),
('a9748536-9ddb-46ce-afc5-20258e793a2e', 'Roux', 'Yui', '1974-05-13', '2013-06-15', 'Steward', 'GBR', 'BA'),
('b4f48cea-d27f-4361-82e7-a006efa3e3cd', 'Dupont', 'John', '1989-02-17', '2015-06-18', 'Cdb', 'FRA', 'AF'),
('fbd8c9cd-0a96-450b-a792-8e79d3f5547c', 'Tremblay', 'Luc', '1998-09-12', '2019-06-12', 'Hôtesse', 'USA', 'AA'),
('14813ee8-9af7-42d9-972b-ec17a0781e10', 'Tremblay', 'John', '1984-04-16', '2015-02-19', 'Cdb', 'FRA', 'AF'),
('0d0153b2-18d9-40b5-850f-cbea32fa02cc', 'Tremblay', 'Luc', '1973-06-14', '2010-05-18', 'Copilote', 'USA', 'AA'),
('8a217c73-3bc7-44f1-ac04-85b8ebf6656e', 'Gagnon', 'Hugo', '1993-05-19', '2017-04-10', 'Steward', 'USA', 'AA'),
('edea32d1-e5eb-4c56-b78f-d55a7007c77c', 'Roux', 'Hugo', '1987-02-10', '2015-09-18', 'Pilote', 'FRA', 'AF'),
('6079666f-9ce6-487d-988b-11763864b39f', 'Dupont', 'Yui', '1987-08-19', '2012-06-14', 'Copilote', 'GBR', 'BA'),
('e6c874f2-5f7b-4b42-83e1-aea9275d9b48', 'Gagnon', 'John', '1975-02-10', '2014-09-18', 'Copilote', 'USA', 'AA'),
('2d7dcc8b-fc1d-443d-8fc4-fb298e13d89a', 'Johnson', 'John', '1979-06-17', '2013-03-19', 'Hôtesse', 'FRA', 'AF'),
('7f90da3f-081d-48a8-ad56-f777dd6b71ed', 'Dupont', 'Marie', '1996-05-18', '2019-04-10', 'Hôtesse', 'FRA', 'AF'),
('c021f932-862d-4c6a-99d3-65ad01c263b7', 'Roux', 'John', '1993-02-16', '2013-01-19', 'Cdb', 'USA', 'AA'),
('522a319d-3af9-4d83-a844-7e632cdb1a32', 'Dupont', 'John', '1996-02-15', '2016-02-17', 'Copilote', 'FRA', 'AF'),
('d60452ce-d48a-49dd-b766-c997cf2b3ae0', 'Watanabe', 'Léa', '1995-05-13', '2019-02-10', 'Steward', 'USA', 'AA'),
('4d40b98c-427d-413c-9d60-b854338b1928', 'Gagnon', 'Luc', '1977-03-10', '2010-03-19', 'Cdb', 'FRA', 'AF'),
('713f043f-2d42-4b92-b473-c317a5f65f55', 'Johnson', 'John', '1989-05-10', '2015-07-18', 'Cdb', 'USA', 'AA'),
('a3de7389-dd1a-4936-ad0f-92d01f761720', 'Watanabe', 'Yui', '1998-03-12', '2018-06-10', 'Steward', 'USA', 'AA'),
('a7055391-2b80-4a18-9a19-4fc871e024b4', 'Johnson', 'Emma', '1979-04-13', '2018-02-18', 'Hôtesse', 'GBR', 'BA'),
('1d729d22-4703-4b5d-90a4-576e3c0fb35b', 'Watanabe', 'John', '1981-08-17', '2017-05-14', 'Cdb', 'GBR', 'BA'),
('6d647610-1f16-4aed-a2a1-d2ba9f43ae33', 'Johnson', 'Kenji', '1981-09-18', '2019-03-12', 'Cdb', 'FRA', 'AF'),
('45f3f935-b259-4f79-8c0c-588eaa8f1ee7', 'Gagnon', 'Luc', '1983-07-16', '2015-06-19', 'Steward', 'GBR', 'BA'),
('457f9cd0-9200-4383-a5cc-057b32821169', 'Dupont', 'Luc', '1993-08-12', '2010-09-10', 'Steward', 'GBR', 'BA'),
('856f8d0c-e18a-42cb-ab60-2178685aeb5f', 'Petit', 'John', '1985-07-12', '2016-02-11', 'Cdb', 'USA', 'AA'),
('fdf5735a-e78c-4631-915c-79930c3a6b0a', 'Johnson', 'Hugo', '1992-01-19', '2010-07-18', 'Copilote', 'FRA', 'AF'),
('f1bef3d5-a73d-49d1-9fab-26cf0587cb24', 'Petit', 'Luc', '1986-03-12', '2018-09-17', 'Cdb', 'FRA', 'AF'),
('c3f8870a-684f-45ff-be43-c9a9a410e942', 'Roux', 'Léa', '1972-04-10', '2016-08-12', 'Copilote', 'GBR', 'BA'),
('527630ec-bd3a-4b54-88ab-3d16ffb698ce', 'Smith', 'Jean', '1973-02-18', '2016-03-14', 'Cdb', 'GBR', 'BA'),
('cdeb54a1-42de-430c-9528-cb302d08c20e', 'Watanabe', 'Luc', '1972-07-18', '2017-07-18', 'Pilote', 'GBR', 'BA'),
('2d8a8955-84cc-41ce-8364-b19421237552', 'Martin', 'John', '1970-09-18', '2018-07-15', 'Copilote', 'GBR', 'BA'),
('80023509-d4b0-4e01-b132-303c44c00632', 'Dupont', 'Léa', '1988-01-19', '2010-04-18', 'Cdb', 'USA', 'AA'),
('2e530fa7-0ae4-43c0-93ba-4de76ffcfb0f', 'Martin', 'Yui', '1970-06-13', '2019-01-12', 'Cdb', 'FRA', 'AF'),
('d1181b3f-6fee-4a5c-8f36-4fde4513f27a', 'Petit', 'John', '1994-06-13', '2010-06-13', 'Hôtesse', 'GBR', 'BA'),
('900e6f08-eac4-42e6-bbb7-dd27e85fab0e', 'Johnson', 'Marie', '1971-04-16', '2013-05-18', 'Pilote', 'GBR', 'BA'),
('73d6ed53-e56e-43f2-bb14-ae70f791a9b4', 'Dupont', 'Sophie', '1985-06-13', '2015-09-12', 'Cdb', 'USA', 'AA'),
('7e83fa40-a4dd-4e2a-b13a-4359099eea60', 'Petit', 'Emma', '1971-07-19', '2016-04-15', 'Copilote', 'USA', 'AA'),
('74384d64-1d3f-40ff-ae94-2a59ff5ff3e7', 'Roux', 'Léa', '1993-03-16', '2012-03-15', 'Steward', 'FRA', 'AF'),
('63ab8314-2b75-4bbb-84fc-76d27ad517a5', 'Dupont', 'Emma', '1989-01-14', '2018-02-19', 'Steward', 'FRA', 'AF'),
('b47bd63e-0d8d-4249-9b96-24f96f6e0b54', 'Gagnon', 'Yui', '1979-04-10', '2010-07-11', 'Pilote', 'GBR', 'BA'),
('e8190c02-154e-4b17-bd76-b2aebe5aeb0c', 'Martin', 'Yui', '1977-02-18', '2018-09-13', 'Steward', 'USA', 'AA'),
('423e4f3b-8ef0-4326-a9ce-ad8ed18743ee', 'Roux', 'Kenji', '1983-03-18', '2012-07-15', 'Steward', 'USA', 'AA'),
('8e192ee7-e8f0-483b-8d32-5444da058179', 'Johnson', 'Sophie', '1985-07-13', '2015-01-12', 'Copilote', 'USA', 'AA'),
('d0f55886-85ab-4cae-a55c-15c0e3cf704d', 'Watanabe', 'John', '1987-05-11', '2013-02-12', 'Cdb', 'GBR', 'BA'),
('edcb6e89-0ebb-4160-a7bb-9500dde1b62c', 'Johnson', 'Hugo', '1970-03-16', '2018-09-11', 'Steward', 'USA', 'AA'),
('699659f9-e5da-4be3-892e-8ad692a46588', 'Roux', 'Yui', '1971-02-16', '2014-07-13', 'Pilote', 'GBR', 'BA');

INSERT INTO Voyageur (UUID_voyageur, Nom, Prénom, Date_naissance, Interdit_de_vol, Code_pays) VALUES
('8d08d67b-bf2e-4404-bb7d-d84b78e5dfe5', 'Johnson', 'Emma', '1956-07-11', 0, 'CAN'),
('a7872b39-b72f-4f12-805d-19bc91728eac', 'Dupont', 'Jean', '1962-03-16', 0, 'CAN'),
('3d57e390-fe50-4fc7-9f0e-a306d1accead', 'Smith', 'Marie', '1978-04-13', 0, 'GBR'),
('5b4149c3-3df1-4876-8dc1-7ff9bf51d883', 'Petit', 'Emma', '1976-03-12', 0, 'FRA'),
('8840315c-b917-43ea-9ce6-88fbc939a194', 'Johnson', 'Yui', '1981-04-19', 0, 'CAN'),
('85b4e771-4850-44ef-acbf-977299d972fd', 'Smith', 'Emma', '2003-08-10', 0, 'FRA'),
('bf0e8725-2acd-4988-aecd-95be3690cee2', 'Smith', 'Jean', '2010-08-19', 0, 'USA'),
('119fb4da-5021-4c8d-964d-1e05d8f80ae0', 'Tremblay', 'Marie', '2000-01-16', 0, 'CAN'),
('315f4577-8944-4dcb-91aa-1c850c71d5df', 'Johnson', 'Emma', '1965-03-18', 0, 'FRA'),
('013dfe64-5202-4229-945c-072c0e9f60fc', 'Roux', 'Jean', '1952-03-13', 1, 'FRA'),
('f4614aa5-ccc7-49f6-9dab-221992e37ac5', 'Johnson', 'Jean', '1950-07-10', 0, 'CAN'),
('0bbe855d-391d-4fab-96a7-a66d85493e0c', 'Smith', 'Sophie', '1995-09-18', 0, 'CAN'),
('f039bf80-2340-44d1-82c5-740171f9483f', 'Martin', 'Luc', '1977-08-10', 0, 'JPN'),
('d4ddb9df-5fb4-4bbd-84a0-f07fab9bf3f4', 'Johnson', 'Jean', '1991-03-17', 0, 'USA'),
('3ff41179-5158-450f-976e-7757efaa388b', 'Roux', 'Marie', '1963-04-16', 0, 'FRA'),
('099bda7a-532c-43a3-ad7b-8a3dbcc3789e', 'Petit', 'Kenji', '1973-09-11', 0, 'CAN'),
('0808d219-94fa-4cd5-9d4a-0d10ebf935ea', 'Roux', 'Luc', '1971-06-12', 0, 'USA'),
('ea978fee-4f2b-42a0-bedd-d05e4ac413da', 'Tremblay', 'John', '1955-08-13', 0, 'JPN'),
('d38eb8d4-0e76-4a0f-af16-e2f2a146e1ea', 'Garcia', 'Kenji', '1999-04-11', 0, 'GBR'),
('b32610eb-e94e-4550-ae19-b55a3ed60243', 'Roux', 'John', '1952-03-15', 0, 'CAN'),
('7a316d56-d4fd-499a-ae7e-818e3c99d49b', 'Garcia', 'Léa', '2000-08-18', 1, 'GBR'),
('47bb830c-997d-4cd0-85b7-a7616b0de3ea', 'Gagnon', 'Luc', '1980-01-17', 0, 'CAN'),
('5ac76b55-6ab9-4a43-b177-db39f2e90f40', 'Gagnon', 'Sophie', '1977-07-12', 0, 'USA'),
('640568af-b107-495d-b7e2-275f9428c22e', 'Smith', 'Luc', '2004-01-13', 0, 'FRA'),
('0b3c388b-3cf0-4d39-988b-937918a13a20', 'Dupont', 'Hugo', '1956-04-10', 0, 'FRA'),
('64d86a96-2f60-411d-aa1f-122e543ff99b', 'Dupont', 'Yui', '1993-07-13', 0, 'FRA'),
('45d36fa3-aef8-4898-9da1-f8fb6db31c4b', 'Smith', 'Léa', '1994-03-11', 0, 'JPN'),
('a9c8b009-1021-4af7-aff1-c2bc8e0ce638', 'Martin', 'Jean', '2004-01-13', 0, 'GBR'),
('a46df764-3f38-423a-b46b-0d8d0c2c60ba', 'Petit', 'Luc', '1987-03-11', 0, 'GBR'),
('d5a66031-7ed4-419a-ad5f-bdc8976cde61', 'Petit', 'Jean', '1981-01-10', 0, 'USA'),
('85eb2553-024a-4520-9bd5-2ed186aee748', 'Dupont', 'Sophie', '1960-07-16', 0, 'CAN'),
('60982e2b-92d8-49e3-8936-5cc77393d5e6', 'Martin', 'Luc', '1980-06-19', 0, 'JPN'),
('3d835b44-ea17-412f-b9ea-cedcd01e40a6', 'Watanabe', 'Luc', '1994-02-10', 0, 'GBR'),
('1fda2f16-a58f-4861-be39-75e987125377', 'Martin', 'Emma', '1998-05-12', 0, 'FRA'),
('2205f9ea-bffa-49c7-bf9e-03c6733ce36e', 'Dupont', 'Emma', '1959-01-15', 0, 'USA'),
('ecc16c8b-f785-46aa-9da8-69abd21377f9', 'Roux', 'John', '1989-03-15', 0, 'JPN'),
('67defaee-f52a-44b4-8ba9-5db6a9acc5e4', 'Roux', 'Léa', '1991-08-19', 0, 'CAN'),
('ef42190f-4229-4234-8ea3-6877d6235552', 'Watanabe', 'Luc', '1982-07-17', 0, 'FRA'),
('c52e90d9-cc25-466d-be62-285b04dcb89f', 'Watanabe', 'John', '2008-05-15', 0, 'FRA'),
('2d92db67-0798-4f4f-9e3f-802cdc28317e', 'Tremblay', 'Emma', '1980-03-10', 0, 'CAN'),
('7ba5beb9-b83f-40e9-8a29-46ae1398bfee', 'Petit', 'Luc', '1979-04-16', 0, 'FRA'),
('8447d517-7216-45c7-b1c9-433cccfe999b', 'Smith', 'Kenji', '1979-06-16', 0, 'USA'),
('dd3a7e28-a49e-4028-82e3-5f45332d3322', 'Watanabe', 'Luc', '1977-03-19', 0, 'JPN'),
('9a528144-d9b2-4cff-899f-45a96ae9587d', 'Johnson', 'Hugo', '2005-03-13', 0, 'USA'),
('01ed9bf0-e128-4d7e-b8b1-e0a32318ad16', 'Smith', 'Kenji', '1952-03-12', 0, 'USA'),
('08c93217-b7e0-44f8-91f3-3e2194a85a3d', 'Garcia', 'Yui', '1951-08-17', 0, 'FRA'),
('2e93fab3-8486-47b1-942a-2506734ecdd9', 'Watanabe', 'Sophie', '1977-02-12', 0, 'FRA'),
('e763c997-d5ff-4347-ad03-3f3cce0a6d2a', 'Garcia', 'Luc', '1961-06-14', 0, 'FRA'),
('05e828bf-165d-4e1d-bec8-b4d519dc64a6', 'Tremblay', 'Hugo', '1950-04-17', 0, 'USA'),
('cf289158-bb93-41d9-86a8-bd91d2eee4dd', 'Petit', 'John', '1971-04-19', 0, 'USA'),
('756c64e1-26ac-4c31-80a8-44fde51b7a18', 'Smith', 'Jean', '1974-03-15', 0, 'FRA'),
('16183b4c-0db9-4deb-9d24-cb33921c33ef', 'Smith', 'Yui', '2007-03-17', 0, 'FRA'),
('c027ff25-482e-485f-9ed5-88af41ee4593', 'Roux', 'Emma', '2009-05-11', 0, 'FRA'),
('6878120e-0add-4e54-b66c-8e9cb0b45198', 'Gagnon', 'John', '1992-09-10', 0, 'FRA'),
('60091f17-ab83-4795-888f-170d869aa75e', 'Garcia', 'Jean', '1974-08-16', 0, 'USA'),
('ad3d0887-b44d-4403-b472-e4286e821ebd', 'Petit', 'Emma', '1962-06-14', 0, 'FRA'),
('555f10e8-4bfb-4fc6-82a1-e3e31c7db950', 'Tremblay', 'Emma', '1968-09-14', 0, 'USA'),
('abafdff3-e235-40e6-a909-455eb8b05881', 'Watanabe', 'Marie', '1970-02-11', 0, 'JPN'),
('0694646a-4ae6-43c4-847c-883ddb50e349', 'Petit', 'Sophie', '1975-09-14', 1, 'CAN'),
('759b4eb7-fa0f-4cd2-94fb-c4bf95f613a5', 'Martin', 'Marie', '1976-08-11', 0, 'CAN'),
('d1558e50-f80e-4d78-948e-2cebdb04d65a', 'Garcia', 'Sophie', '1958-05-13', 0, 'CAN'),
('696e1a93-fd0b-459f-844a-e7afc39a6a6d', 'Martin', 'Luc', '1953-02-13', 0, 'JPN'),
('e0a8d014-2572-41ba-9bdc-b1478faa5365', 'Garcia', 'Hugo', '1961-07-16', 0, 'GBR'),
('66386b8d-8fa5-429a-9776-d99c99bf5b8c', 'Dupont', 'Sophie', '1982-02-18', 0, 'GBR'),
('de5fcba6-127b-4504-bcf6-4bc452188ad4', 'Dupont', 'Emma', '1952-06-10', 0, 'JPN'),
('d0decfe9-6773-4c84-819b-6642cb556c00', 'Martin', 'Jean', '1950-05-10', 0, 'JPN'),
('47ac3716-f32d-4e73-8785-627c639a4d48', 'Roux', 'Yui', '2000-04-12', 0, 'FRA'),
('9e4294b1-4bb7-408c-ba39-27ca5821ac7c', 'Petit', 'Hugo', '2010-06-12', 0, 'GBR'),
('eb38855c-389d-46ba-9c12-760f06c6f540', 'Tremblay', 'Luc', '1994-01-13', 0, 'GBR'),
('6f6ccdb8-83b0-444b-83c4-9a9d8c0f60e1', 'Garcia', 'John', '1986-09-14', 0, 'CAN'),
('74b53f42-d4e9-4338-9400-471a5164cdce', 'Dupont', 'Hugo', '1992-07-19', 0, 'FRA'),
('848b5b09-bac2-45de-a375-1ea5071d2026', 'Garcia', 'Luc', '1996-05-19', 0, 'FRA'),
('842f2b7a-93a6-4c9c-b413-e556aefa0015', 'Dupont', 'Léa', '1957-07-12', 0, 'JPN'),
('fa48d2eb-1a1b-4e3e-977d-bd7534ff6deb', 'Gagnon', 'John', '2004-09-14', 0, 'CAN'),
('b8e001a2-92aa-4173-8e18-c085629fcc48', 'Johnson', 'Kenji', '1992-02-15', 0, 'GBR'),
('97de57eb-7eb1-4059-b7c6-5e8bb8a8f069', 'Petit', 'Jean', '1956-09-19', 0, 'USA'),
('5bda503d-5f16-4add-98e1-7cfada2497c8', 'Martin', 'Jean', '1955-05-19', 0, 'USA'),
('a8c56dab-2c33-452d-90c3-d574dba75383', 'Garcia', 'John', '1998-05-16', 0, 'JPN'),
('d992bfb4-4523-4b74-932f-4f100c7ef1a3', 'Watanabe', 'Léa', '1966-03-15', 0, 'USA'),
('127dde41-5fa3-46e2-840f-a698c4d9766f', 'Watanabe', 'Luc', '1953-04-19', 0, 'CAN'),
('3e52a007-7f3c-427c-9045-6d4941230493', 'Martin', 'Hugo', '2006-08-13', 0, 'USA'),
('269ee32c-4d4d-417b-b166-c2f2cdfbcd5a', 'Watanabe', 'Jean', '2001-07-15', 0, 'USA'),
('0a8a16df-6e60-4a16-a733-25987475bca6', 'Roux', 'Léa', '1969-04-16', 0, 'GBR'),
('5aff08c8-f5ba-4cbd-b4a5-daea877d7185', 'Johnson', 'Sophie', '1993-07-17', 0, 'JPN'),
('008d90d1-b1b6-4b8e-9016-3ab9d74fe3b1', 'Petit', 'Léa', '1982-05-11', 0, 'FRA'),
('419bf23a-d9e3-4023-b4d5-16371092961b', 'Gagnon', 'Sophie', '1958-06-17', 0, 'GBR'),
('7b979b99-1e9d-41fb-8a64-4ea1cd551e67', 'Tremblay', 'Sophie', '1970-04-10', 0, 'FRA'),
('73cb6fb5-23a1-406f-b2b8-ddb4681e8892', 'Petit', 'Léa', '1968-08-19', 0, 'GBR'),
('cc921e33-dba7-497c-aa10-82f7825fb0a7', 'Martin', 'Luc', '2008-05-11', 0, 'USA'),
('57cd18b4-4d42-4e8c-9101-e3c671ac39af', 'Dupont', 'Luc', '2007-02-14', 0, 'USA'),
('220be24f-3271-4953-a7b5-196d3b20edfb', 'Smith', 'Jean', '2001-09-18', 0, 'FRA'),
('ba36b051-033b-4c52-91ab-5723a8314569', 'Johnson', 'Luc', '1984-09-15', 0, 'JPN'),
('96a3d113-f79d-4b37-b75b-df8456dc9008', 'Smith', 'Sophie', '1970-01-11', 0, 'CAN'),
('079b00af-6a09-49a9-a076-c6a7c23358f3', 'Petit', 'Kenji', '1951-01-12', 0, 'JPN'),
('dcc682ea-dd63-4a7d-83fc-e734e641280b', 'Roux', 'Emma', '1978-07-14', 0, 'JPN'),
('7858b15a-9e9f-4324-baad-26e701a0b784', 'Roux', 'Yui', '1973-03-13', 0, 'JPN'),
('064e5879-f1b6-4458-ba3d-a34e51d2f8c2', 'Garcia', 'Hugo', '1978-08-18', 0, 'FRA'),
('dc5335a0-34be-4331-a034-8cc69b75ba7a', 'Smith', 'John', '1977-04-11', 0, 'JPN'),
('35dd59c5-94c7-4120-a4ed-6efd103aa5af', 'Garcia', 'John', '1960-07-18', 0, 'FRA'),
('33d296ba-715f-4577-878f-95e46c737fce', 'Gagnon', 'Marie', '1963-07-19', 0, 'FRA'),
('325093a8-d1a3-46c5-8849-eeea95df98b6', 'Petit', 'Kenji', '2006-04-19', 0, 'GBR'),
('43a8540b-10a8-4782-8507-9892b284507f', 'Tremblay', 'Léa', '1984-03-18', 0, 'FRA'),
('581da632-ab76-413a-aa7e-88c3666c09b8', 'Roux', 'Jean', '1989-06-19', 0, 'USA'),
('951cea10-6db3-417d-9f27-f39aa0ec03e3', 'Roux', 'Marie', '2009-09-17', 0, 'FRA'),
('07aa1e34-3fec-4e11-8afc-baf9319abd3e', 'Dupont', 'Yui', '1997-04-13', 0, 'USA'),
('d80f79f8-a5c2-4857-8b10-866dab4deca9', 'Dupont', 'Luc', '1959-04-19', 0, 'FRA'),
('cd9168ed-aca5-4990-9211-361368246efb', 'Garcia', 'Hugo', '1984-09-13', 0, 'USA'),
('77d88ca1-9a48-4043-9440-96b127bc6f4b', 'Smith', 'Sophie', '1950-02-12', 0, 'CAN'),
('5ff31f4e-d5b9-4bc8-830d-de111fc0fa0a', 'Petit', 'Sophie', '1962-09-18', 0, 'USA'),
('ba183ed2-431a-4c69-94ed-60195d2e32ed', 'Gagnon', 'Léa', '1989-08-16', 0, 'JPN'),
('569787ae-7bb2-4741-bdb2-4a79b66f8758', 'Dupont', 'Luc', '1974-05-15', 0, 'CAN'),
('b601253d-5d22-45de-916e-561f3d7befb4', 'Gagnon', 'John', '2008-07-10', 0, 'FRA'),
('a5464a2d-3a1f-45e2-b5f1-4307ee37ba94', 'Smith', 'John', '1993-03-13', 0, 'USA'),
('52017b03-80de-4d06-917d-399ff849c061', 'Gagnon', 'Marie', '2004-03-13', 0, 'JPN'),
('b882aa7e-1fd9-4876-b259-09a10497c46e', 'Petit', 'Léa', '2008-04-10', 0, 'CAN'),
('e57a7213-3e30-4d78-8fb7-a1748b780b9d', 'Roux', 'Jean', '1992-04-14', 0, 'USA'),
('264cffba-6761-42f4-b62e-7a6cac39c075', 'Johnson', 'Kenji', '1976-08-16', 0, 'USA'),
('21716685-e8e1-4c7c-b3df-0dea96629bc8', 'Smith', 'Marie', '2007-08-16', 0, 'JPN'),
('d5e35e8d-3c6d-4ad3-bc69-df9a42c258cf', 'Petit', 'Léa', '1966-03-16', 0, 'JPN'),
('3ddd94cd-e271-4907-8daf-f845120dabab', 'Dupont', 'Emma', '2006-05-12', 0, 'FRA'),
('5705b2fe-885c-4e4e-b376-29d03ca77857', 'Martin', 'Léa', '1973-09-15', 0, 'JPN'),
('e7c7960c-f466-4d9f-955b-7165be82bcd8', 'Johnson', 'Luc', '1985-09-12', 0, 'USA'),
('02c61bfa-aec7-4dcf-a85d-47862f5474d8', 'Johnson', 'Marie', '2006-02-10', 0, 'JPN'),
('522f7b60-ed1d-4b56-8f5f-f588bbae0264', 'Garcia', 'Luc', '1950-06-10', 0, 'JPN'),
('2f7b5e9d-348d-4093-9c5c-5ffcbb05592d', 'Dupont', 'Sophie', '1956-02-18', 0, 'FRA'),
('43537c98-6b08-4949-9c12-6edc37652823', 'Martin', 'John', '1962-05-10', 0, 'FRA'),
('e5980ccd-59e8-4297-b8ec-26c0a6c16345', 'Johnson', 'Yui', '1953-03-19', 0, 'USA'),
('0dc3aadb-0a22-4ae5-a9fb-16e48423f4e4', 'Gagnon', 'Emma', '1993-06-18', 0, 'FRA'),
('b264b55a-16a5-4f24-b910-b520134d4f76', 'Watanabe', 'Hugo', '1986-03-15', 0, 'JPN'),
('fe4cab98-09c1-45fd-9022-70a8f3dd44b4', 'Gagnon', 'Marie', '1963-05-18', 0, 'CAN'),
('60a29934-35be-4b05-b758-0bb750cbd65a', 'Johnson', 'Hugo', '2010-02-13', 0, 'GBR'),
('53081850-b374-44ea-bc61-83e6f9880be5', 'Tremblay', 'Sophie', '1992-05-16', 0, 'USA'),
('2f88606c-4ef0-4628-a519-867043d0cea2', 'Watanabe', 'Emma', '1976-08-12', 0, 'JPN'),
('d8d24014-fd68-42dc-8425-4a7ec8dc59a3', 'Petit', 'John', '1984-08-11', 0, 'JPN'),
('3bb798b4-e78e-4350-9564-c806caaa1255', 'Roux', 'Léa', '1958-07-17', 0, 'FRA'),
('f4f37241-e4d2-45fa-97fb-8c85058fbb11', 'Johnson', 'Yui', '1957-04-14', 0, 'GBR'),
('70d2fadc-0c73-4e34-8d96-8b476a457eb0', 'Smith', 'Léa', '1956-08-16', 0, 'USA'),
('798dfa1a-eb2d-4c39-9d28-30e1e440a209', 'Roux', 'Yui', '2009-05-12', 1, 'USA'),
('6ebe9a9a-5b57-4d64-ab02-292056e8411a', 'Martin', 'Léa', '1984-02-14', 0, 'JPN'),
('19920430-10ec-4420-86f7-525b24cbf4d9', 'Johnson', 'Kenji', '1955-04-16', 1, 'CAN'),
('b2ecfd95-9e57-4570-b0ea-fe321f8d8114', 'Gagnon', 'Sophie', '2008-08-13', 0, 'FRA'),
('bda5fb95-157f-4104-b9cb-1c6c91528ea6', 'Martin', 'John', '1958-08-11', 0, 'CAN'),
('543724c4-739b-43dd-8f45-8e894174fe77', 'Roux', 'Marie', '1995-02-18', 0, 'CAN'),
('2590fd24-5d1b-4266-acf9-2bd2cf938a3c', 'Roux', 'Kenji', '1968-09-11', 0, 'GBR'),
('b1e34390-221d-4e21-a744-e2315adc357e', 'Tremblay', 'Léa', '1982-03-18', 0, 'USA'),
('42de2a62-a6aa-47ff-94e4-d9671bc604c6', 'Johnson', 'Yui', '1999-03-18', 0, 'CAN'),
('9e570a99-31c5-483f-849d-19482b56d98f', 'Dupont', 'Jean', '1975-06-16', 0, 'USA'),
('164df60e-88cd-4d1c-a77d-66af75c02460', 'Watanabe', 'John', '1998-02-14', 0, 'CAN'),
('0d1bce84-0f88-4f1e-b3ce-d6f3ea8e7c57', 'Dupont', 'Marie', '1951-02-10', 0, 'GBR'),
('5047ee27-757b-48b2-bf8e-f9c86b7ac099', 'Gagnon', 'Léa', '1984-08-16', 0, 'CAN'),
('a9878ed8-7dbc-40b7-8cef-fbe68e9f6f18', 'Gagnon', 'Kenji', '1990-03-14', 0, 'CAN'),
('29a3b8c6-a650-4f05-9bec-88b8c3c00d1b', 'Dupont', 'Marie', '1988-04-11', 0, 'CAN'),
('69927eec-a0d3-437c-89d8-a2c7570c3f11', 'Watanabe', 'Jean', '2004-06-13', 0, 'GBR'),
('02b25838-4ac3-4a3f-ae28-2d3493166fbf', 'Martin', 'Léa', '1973-09-12', 0, 'FRA'),
('429acd53-ca53-4737-9a96-2086d2e22770', 'Dupont', 'Hugo', '1980-08-14', 0, 'JPN'),
('329f4daf-0bf9-4920-936d-c003caac6a16', 'Petit', 'John', '1991-06-18', 0, 'CAN'),
('625e2828-ceeb-42f1-81e3-5eeafd407609', 'Gagnon', 'Léa', '1977-07-19', 0, 'CAN'),
('cd939c6f-e758-477c-a91d-664c04bcae42', 'Martin', 'Léa', '2005-06-18', 0, 'GBR'),
('5e032b78-da02-4ffb-9835-0c4a5271c027', 'Watanabe', 'Luc', '1958-07-15', 0, 'GBR'),
('8f910ead-98e5-4100-9392-a6c0d04ad041', 'Gagnon', 'Sophie', '1977-01-14', 0, 'CAN'),
('747ca121-6ef7-4228-b89f-becd0759f508', 'Gagnon', 'Hugo', '2006-04-13', 0, 'GBR'),
('6ea5d5b3-6912-4cbf-bd3c-5c5ffdd5bc4a', 'Gagnon', 'Kenji', '1952-06-12', 0, 'USA'),
('2b1eb31f-bab4-4ac7-8391-2460d4e57fec', 'Petit', 'Kenji', '1999-03-14', 0, 'FRA'),
('8efa1ee1-e546-4e61-8dd7-3b014f097ad5', 'Johnson', 'Léa', '2004-03-12', 0, 'USA'),
('89059697-8bbb-4b09-8369-6e40f7231884', 'Dupont', 'Jean', '1968-09-10', 0, 'JPN'),
('ee205599-d25a-4e3c-a698-fab5e35cf6b1', 'Watanabe', 'Jean', '1969-09-17', 0, 'FRA'),
('68d11800-3305-43ba-b3bf-28d0c9b4d6d4', 'Roux', 'Jean', '1966-06-11', 0, 'GBR'),
('8bcffd29-5548-496a-a37c-39f82a49ac5b', 'Martin', 'Jean', '1992-06-16', 0, 'CAN'),
('ce3ad44e-514b-4366-8473-7e2daa2678b9', 'Gagnon', 'Léa', '1966-08-11', 0, 'GBR'),
('af2e2ba2-fd78-4ff9-af4f-5aaf1374ddc8', 'Roux', 'Léa', '1988-02-13', 0, 'FRA'),
('6018ee16-6d05-4262-8abf-be8a4acd6d27', 'Tremblay', 'Kenji', '1970-04-12', 0, 'USA'),
('b13f3840-10d4-4582-a209-e69a7a46e1d4', 'Dupont', 'Luc', '1957-09-12', 0, 'CAN'),
('a5c6a216-f00a-4e84-815f-f7167559d2a3', 'Petit', 'Léa', '2006-04-14', 0, 'JPN'),
('00b798d3-eb05-4916-819b-1ce7a7c37951', 'Johnson', 'Luc', '2001-05-19', 0, 'JPN'),
('be170e44-481d-47a9-9668-b2d89cc5edf8', 'Petit', 'John', '1974-04-15', 0, 'CAN'),
('8e1e276d-f000-439e-9833-ba217048a85d', 'Roux', 'Luc', '1973-07-19', 0, 'CAN'),
('4b55a958-3be1-4b02-8f47-fea60b861996', 'Tremblay', 'Léa', '1968-06-17', 1, 'GBR'),
('73c77f45-07d4-4a48-81f2-372e59ae1d3c', 'Martin', 'Hugo', '1960-05-19', 0, 'GBR'),
('3d32a7e7-090d-43b1-987e-a189f8208c98', 'Smith', 'Léa', '1996-03-14', 0, 'CAN'),
('f2b77d82-e0e1-4990-b0b9-c5ec1a1955a7', 'Roux', 'Kenji', '1992-08-13', 0, 'USA'),
('d21abcf7-f113-4eca-b02d-909ca074bf89', 'Gagnon', 'Yui', '1964-02-18', 0, 'GBR'),
('ce9cbbc7-6f84-49ba-8db9-f02255141a57', 'Smith', 'Luc', '1959-06-19', 0, 'FRA'),
('d623cdda-cda6-4316-b749-d88fe29d3ec3', 'Martin', 'Luc', '1984-01-11', 0, 'CAN'),
('4b68abef-6f46-4f60-b987-7d16a2657a75', 'Watanabe', 'Léa', '2006-02-12', 0, 'USA'),
('a5293529-10b7-448c-9519-afdce98b01ad', 'Roux', 'Kenji', '1961-05-18', 0, 'JPN'),
('f6c55cd3-bd80-42d6-b5e5-9cbdf6c8d030', 'Johnson', 'Kenji', '1993-02-12', 0, 'CAN'),
('2863a692-b947-40fc-8c8d-8f11871b55d4', 'Johnson', 'Kenji', '2008-08-14', 0, 'GBR'),
('35b893ea-dc63-4d08-9fbc-c829451f7959', 'Gagnon', 'Léa', '2003-08-18', 0, 'USA'),
('25495d3f-da68-4c55-accd-0a7f9e3c7b43', 'Smith', 'Emma', '1988-07-10', 0, 'JPN'),
('f8d55849-791e-4689-b524-92b43858c738', 'Gagnon', 'Sophie', '2002-01-14', 0, 'GBR'),
('9c4e3a87-881b-410f-bde1-b4edaf4fded6', 'Martin', 'Jean', '1972-02-15', 0, 'USA'),
('dbdfd0fc-e110-4bec-873d-40930f0d671a', 'Tremblay', 'Emma', '1991-03-16', 0, 'USA'),
('76c47297-c299-40f1-8675-9769335c18b3', 'Watanabe', 'Sophie', '1994-08-12', 0, 'FRA'),
('29d5ea2e-646c-4b20-b42c-2d08bfcf188a', 'Tremblay', 'Luc', '2010-09-11', 0, 'USA'),
('b3e53141-3d44-4fb9-9cfa-0b61799559b7', 'Dupont', 'Léa', '1999-02-19', 0, 'GBR'),
('701e7e26-dc23-49ae-b6b7-6316482d7278', 'Petit', 'Léa', '1990-08-16', 0, 'JPN'),
('80aabc01-2300-49af-9cdd-dbfb620447d4', 'Watanabe', 'Jean', '1973-07-13', 0, 'USA'),
('0ec2da86-e95e-4f67-9b80-9d9027280805', 'Garcia', 'John', '1983-08-14', 0, 'FRA'),
('69f91b4a-81c3-438e-8e84-5d507208b7cd', 'Watanabe', 'Emma', '1996-07-19', 0, 'GBR'),
('b9a45f72-feb4-4c4a-9c53-e6d8d7b77135', 'Tremblay', 'Yui', '2001-04-11', 0, 'CAN'),
('3a569cdf-f5a2-4aac-b16f-65b70b55fbb6', 'Tremblay', 'Emma', '1964-09-18', 0, 'JPN'),
('12c864c5-9a33-4b9d-a08c-147ec93ca8fc', 'Tremblay', 'Luc', '1956-02-15', 0, 'GBR'),
('0a973382-f08f-4ab4-90e1-afe9822fe893', 'Petit', 'Emma', '1994-06-19', 0, 'CAN'),
('d45a0aa9-d4ca-4653-9457-4be02ee30086', 'Johnson', 'Kenji', '1966-07-15', 0, 'JPN'),
('ec982d52-17bd-4f5c-8d6b-0c3d77866aec', 'Johnson', 'John', '1988-03-19', 0, 'JPN'),
('15f46cf7-d8ec-4f42-a731-f8016eb29cac', 'Dupont', 'Luc', '2007-08-13', 0, 'USA'),
('5a0352c0-39c9-474d-beb3-a396d24acee7', 'Dupont', 'Léa', '1957-05-18', 0, 'FRA'),
('8a776750-f425-4cdf-829b-eb43d652e3b0', 'Smith', 'Kenji', '1979-01-19', 0, 'USA'),
('3ca9edc0-d4a8-43b1-b0fb-5b6b1e5df2d3', 'Garcia', 'Jean', '1968-08-19', 0, 'GBR'),
('2a612e99-e03c-4d56-9650-933b013e2668', 'Smith', 'Marie', '2007-06-15', 0, 'GBR'),
('58a516c1-b5bb-418b-8875-dfa095e4a8ef', 'Watanabe', 'Jean', '1958-09-18', 0, 'USA'),
('b475aad1-cc93-423c-956a-2a36fc99fb95', 'Tremblay', 'Jean', '1971-09-12', 0, 'GBR'),
('217c99d7-f01e-467e-ac62-bf560b2ef083', 'Smith', 'John', '1982-03-10', 0, 'GBR'),
('897a67a6-ff21-48ba-a112-7c54da9732d7', 'Johnson', 'Léa', '2006-07-19', 0, 'USA'),
('b34d5809-3d88-4a92-830a-29b59983258e', 'Gagnon', 'Yui', '1959-02-16', 0, 'CAN'),
('f732cd56-aa59-448f-96f0-18742209d412', 'Gagnon', 'Kenji', '1996-02-13', 0, 'GBR'),
('46c7396c-c0e5-455a-acbb-30b42dee0629', 'Watanabe', 'Yui', '1982-08-16', 0, 'GBR'),
('ee571d02-74c1-483e-9547-a081556afd66', 'Watanabe', 'Hugo', '1971-07-19', 0, 'JPN'),
('68420f4f-9c15-48f6-99ea-20e7fbcddda2', 'Dupont', 'Marie', '1997-08-19', 0, 'USA'),
('674b4ce7-b117-4c4d-b911-346e10c9bc67', 'Watanabe', 'Léa', '1985-03-19', 0, 'FRA'),
('411d3768-ece5-4a27-9731-b8c7161e2684', 'Garcia', 'Emma', '1955-01-14', 0, 'CAN'),
('cede65ec-6c98-4eb4-9db6-5d3325fa3b40', 'Petit', 'Sophie', '1987-07-10', 0, 'FRA'),
('e14acd50-708a-4793-abda-f58bb54a10dd', 'Garcia', 'Yui', '1955-09-13', 0, 'CAN'),
('870c6720-5c08-4ed1-80e0-9a413f299804', 'Roux', 'Léa', '1984-03-10', 0, 'JPN'),
('2dc40f5a-eace-4aaf-a441-52051216c76d', 'Tremblay', 'Sophie', '1972-09-18', 0, 'USA'),
('7eb7c324-464e-4a0b-919c-6a02c6e09dc9', 'Dupont', 'Luc', '1954-07-11', 0, 'CAN'),
('53a29aba-560a-4c07-b06b-f04ad84d67ff', 'Petit', 'John', '1990-01-11', 0, 'FRA'),
('e2b376cb-a430-426b-916b-6ca4a2992644', 'Roux', 'Luc', '1968-01-13', 0, 'JPN'),
('106c1227-7b00-4099-96b2-ce6399c9f8f3', 'Roux', 'Sophie', '1973-09-15', 0, 'USA'),
('2d37a82a-8b2e-41ab-aeb6-c0f5589769e8', 'Garcia', 'Sophie', '1963-01-12', 0, 'USA'),
('b2becea6-a662-4407-957d-86178e92496c', 'Watanabe', 'Yui', '2006-02-18', 0, 'JPN'),
('6dec3cf2-b46f-405d-88c1-761db1cacec4', 'Roux', 'Jean', '1952-03-12', 0, 'JPN'),
('501091a5-5379-4643-b7f5-ee99b5c01f91', 'Johnson', 'Kenji', '1988-03-11', 0, 'CAN'),
('d5aeb44a-790d-4660-b517-3d7e2375d59b', 'Johnson', 'Luc', '2001-08-17', 0, 'JPN'),
('c87d3ef4-20df-44f0-bbf6-021a072c5902', 'Gagnon', 'Marie', '2003-06-15', 0, 'FRA'),
('2e1f6677-c792-4970-8219-dc644ece8151', 'Martin', 'Jean', '1999-02-14', 0, 'JPN'),
('d7b3256e-03d3-4279-863f-6123060c60ca', 'Watanabe', 'Léa', '1992-08-10', 0, 'GBR'),
('32b3349b-290c-426b-b942-548197591a94', 'Roux', 'Emma', '2008-08-13', 0, 'FRA'),
('16085a3b-cf6c-417c-b640-ed4999d533b5', 'Smith', 'Yui', '1973-01-14', 0, 'USA'),
('5004358a-dd93-4b48-90a1-7fa366350972', 'Roux', 'Marie', '1979-09-16', 0, 'CAN'),
('5ccf9dba-84de-431b-880b-4bf9e97296ba', 'Smith', 'Hugo', '1982-06-11', 0, 'CAN'),
('42c4e3ea-004b-4d87-8fd2-a2b901fa0df5', 'Johnson', 'John', '1957-01-17', 0, 'USA'),
('bff10a8f-546e-458c-ae61-5ce1718fe41b', 'Petit', 'Sophie', '1988-05-15', 0, 'JPN'),
('1104def2-9b59-467e-b3a4-745f0868cc8e', 'Gagnon', 'Luc', '1982-05-18', 0, 'GBR'),
('fbe23a16-8e09-4975-8e1c-45ebee72bbfb', 'Petit', 'Sophie', '1989-07-17', 0, 'FRA'),
('83fab975-bbcd-4f83-bc27-170c7e7b44be', 'Roux', 'Emma', '1969-01-19', 0, 'GBR'),
('47d6166e-36b7-4c5f-9847-468a7d1f6b52', 'Garcia', 'Kenji', '1960-09-15', 0, 'USA'),
('8d038bb2-4966-451d-b87e-23aa762bd955', 'Dupont', 'Léa', '1992-01-14', 0, 'FRA'),
('0cc70a00-35a0-4f38-8b59-9a84812d7823', 'Martin', 'John', '1952-04-17', 0, 'FRA'),
('62c032f8-c77a-40a0-bb29-5a39baef7231', 'Dupont', 'Kenji', '1978-03-12', 0, 'FRA'),
('c110e9ae-840f-4f05-8bfd-9f3a32db48df', 'Smith', 'Emma', '1989-05-11', 0, 'JPN'),
('f8ad17d8-4eae-44c6-bbf5-6687d0ac619e', 'Johnson', 'Léa', '1973-05-15', 0, 'JPN'),
('af11bd78-ace2-4ee8-9c6c-9fb6e1286617', 'Smith', 'Emma', '2010-05-14', 0, 'FRA'),
('7fb0f92b-94a4-4180-869f-0d78e19ae37d', 'Smith', 'John', '1965-07-18', 0, 'JPN'),
('c3e01fe6-939a-4422-b555-2a1b9ca783db', 'Watanabe', 'Hugo', '1973-08-12', 0, 'FRA'),
('3fdfe2aa-d81f-436c-999a-c1bc7682f42c', 'Dupont', 'Kenji', '1985-01-15', 0, 'FRA'),
('01223b66-a917-4673-a05f-7a4f18830ae6', 'Tremblay', 'Luc', '1973-09-15', 0, 'CAN'),
('6d736830-9578-4ef4-aa59-8a6703407afb', 'Gagnon', 'Kenji', '1970-05-18', 0, 'FRA'),
('ab0fb2d6-5a15-438d-958c-c4e07e1b4aa6', 'Martin', 'Jean', '1989-05-11', 0, 'CAN'),
('5595dd55-8938-4c17-bcbf-6fb3cf69f816', 'Smith', 'Sophie', '2004-01-14', 0, 'FRA'),
('1f1f1575-7e2c-4bcf-8965-4dbf555e8db0', 'Martin', 'John', '1959-06-17', 0, 'FRA'),
('92eb75e5-2949-45c0-a5e2-bf8007230608', 'Smith', 'Jean', '1953-02-19', 0, 'FRA'),
('87afc22e-1581-4d70-a1a8-3e995e9b50e0', 'Petit', 'John', '1972-07-15', 0, 'JPN'),
('36f29515-c131-4108-bd3d-afcc37a3191f', 'Gagnon', 'Luc', '1991-01-10', 0, 'GBR'),
('277e84f4-93a0-44a8-95e6-40fb01e66dfd', 'Gagnon', 'Léa', '1968-08-10', 0, 'GBR'),
('e78eaa6f-2401-49df-8aa6-0a7767ed8710', 'Watanabe', 'Kenji', '1983-04-10', 0, 'FRA'),
('9b4c4e10-eb37-447a-9344-13679e3735c3', 'Dupont', 'Léa', '2004-04-14', 0, 'CAN'),
('e3265a79-0a58-4de1-8b73-0663d0dc84b3', 'Gagnon', 'Léa', '1953-01-13', 0, 'JPN'),
('65307092-484c-4313-bbc1-a60913b8da87', 'Dupont', 'Léa', '1986-09-12', 0, 'GBR'),
('5fb0cc6f-803c-443c-ad36-d5539c726b8f', 'Martin', 'Emma', '2004-02-15', 0, 'USA'),
('6b2cb8d2-1baa-4e90-93bf-f6a856bd4eec', 'Smith', 'Emma', '1956-03-16', 0, 'USA'),
('87845549-59e4-490d-8eb2-801b8420cee6', 'Tremblay', 'Kenji', '1950-01-15', 0, 'FRA'),
('a93820b0-a868-446e-b24b-de66a3df2f88', 'Smith', 'Luc', '1958-04-17', 0, 'CAN'),
('23fe85c8-10c7-440c-a55d-ede383f1b3d4', 'Smith', 'Jean', '1981-01-13', 0, 'JPN'),
('e0816e58-7a9a-45f1-8c09-b0e190f174a2', 'Garcia', 'Emma', '1970-02-15', 0, 'FRA'),
('ae3ae074-730c-4a1d-b3dc-1878f5f5cea1', 'Martin', 'Marie', '1983-08-10', 0, 'GBR'),
('ddcaa058-24e3-42fc-ac73-06f722625d55', 'Petit', 'Luc', '2000-02-12', 0, 'FRA'),
('d983829b-4ebf-4697-89d7-5554066a8f59', 'Roux', 'Jean', '1976-02-16', 0, 'GBR'),
('b6bc66ab-daa3-4afc-826e-7fc71762b74b', 'Martin', 'Léa', '1997-03-18', 0, 'JPN'),
('ac2b0fe5-1147-4e8e-b308-6a7fc1e61557', 'Watanabe', 'Léa', '1957-06-18', 0, 'GBR'),
('9ec33980-ecf4-4aaf-9b2e-5594b3808d07', 'Watanabe', 'Léa', '2003-07-18', 0, 'FRA'),
('9cc7fe5c-5355-4995-bfc2-27abb965a1bd', 'Johnson', 'Hugo', '1983-04-12', 0, 'USA'),
('cf0022c4-1e43-4bca-92c2-fb9dafff2f39', 'Smith', 'Hugo', '1962-02-17', 0, 'JPN'),
('57e7ec1b-e036-463b-9a5f-64dd0cf13c17', 'Petit', 'Luc', '1977-05-17', 0, 'JPN'),
('5b02d9a5-0215-4859-87cb-57983ef79db5', 'Watanabe', 'Emma', '1951-03-19', 0, 'FRA'),
('066c2337-0be1-463d-ad52-67e54940dd2b', 'Martin', 'Jean', '1982-01-10', 0, 'JPN'),
('fa78031a-e188-4dc3-babb-0387098102d0', 'Garcia', 'Marie', '1957-01-14', 0, 'USA'),
('e6a73029-a24c-4146-afc7-2a0d1f2227e9', 'Smith', 'Hugo', '1981-06-12', 0, 'FRA'),
('ebfd2a96-6e7a-4394-b242-6482eb8defb2', 'Gagnon', 'Yui', '1962-03-17', 0, 'USA'),
('61e8d36c-d65f-41f6-8db4-6fe1d05e1710', 'Dupont', 'Sophie', '1956-03-11', 0, 'JPN'),
('174df7c9-3586-4bc6-9b89-c4f273d78ebb', 'Dupont', 'Jean', '1981-07-18', 0, 'CAN'),
('0a3cdda2-e85c-4c90-aa37-f08d54a0512c', 'Roux', 'Hugo', '1950-09-19', 0, 'GBR'),
('407ca22c-bdd7-428f-8bce-9d98552e64d4', 'Johnson', 'Marie', '2002-07-10', 0, 'FRA'),
('fa2411ff-8fcd-40ea-a7c5-8aee8603e4e4', 'Tremblay', 'Kenji', '2009-03-10', 0, 'USA'),
('81c3d391-6f1d-476f-b00e-54a6aeba5a51', 'Martin', 'Luc', '1954-04-18', 0, 'JPN'),
('40a832d2-db02-4904-a69b-02688c49dde4', 'Martin', 'Sophie', '1963-08-15', 0, 'GBR'),
('88ec1b04-b5dd-46b6-8fd2-d3037116a506', 'Smith', 'Marie', '1960-05-16', 0, 'FRA'),
('302364d0-f1ab-4732-904d-1fe8e1bb8ab6', 'Watanabe', 'Sophie', '2005-05-16', 0, 'CAN'),
('be148ce6-e2ca-40ad-ae25-9b2dbd09505d', 'Johnson', 'Sophie', '2003-02-19', 0, 'FRA'),
('0eb1994f-1bfc-4ad0-a1a5-d816926f0da7', 'Dupont', 'Emma', '1959-07-13', 0, 'JPN'),
('d6f3aeba-8343-42dc-aea4-577bb2c6c215', 'Martin', 'Marie', '2005-09-19', 0, 'USA'),
('2a6fe858-74e1-4c56-8ea6-ba44fdb75738', 'Garcia', 'Luc', '1970-02-18', 0, 'JPN'),
('4d0371a9-4fbe-445c-9803-515083663faf', 'Martin', 'Jean', '1989-02-14', 0, 'CAN'),
('426702fd-6e34-41c7-9628-08364d534458', 'Tremblay', 'John', '2003-01-19', 0, 'USA'),
('a793888c-8e7c-4d55-82ea-5396abb8d285', 'Martin', 'Jean', '2008-03-15', 0, 'JPN'),
('066a23c1-554c-462e-bb01-2fe65df93a8a', 'Tremblay', 'Hugo', '1989-09-19', 0, 'JPN'),
('4091015a-e911-4ba7-bc55-97d81a5b4048', 'Dupont', 'Léa', '1959-09-15', 0, 'JPN'),
('cc412833-fc07-41cc-b01e-2a73ebff3f0d', 'Gagnon', 'Yui', '1996-03-10', 0, 'JPN'),
('f22dc060-469d-47b5-b1e5-0e52dc7231da', 'Roux', 'Luc', '1966-08-10', 0, 'USA'),
('752e5ec8-1c11-4cc8-b9b7-102570d91da3', 'Martin', 'Luc', '1971-05-11', 0, 'CAN'),
('2e95994e-b813-484b-87c9-21821493e47c', 'Smith', 'Marie', '1993-08-10', 0, 'CAN'),
('9840c6e8-4e9e-49d4-a237-6fe398aeed45', 'Garcia', 'Emma', '1951-08-15', 0, 'FRA'),
('10d10117-252d-4acd-a967-ab7b629c7f1c', 'Gagnon', 'Jean', '2009-08-11', 0, 'JPN'),
('1d5e1016-cfb0-4f0e-8fce-e936887bf20a', 'Martin', 'Sophie', '2008-09-15', 0, 'USA'),
('9702bb67-b525-4ebe-88ba-e5ad3588e1ec', 'Gagnon', 'Léa', '1999-06-18', 0, 'JPN'),
('051bf834-2ea1-41a8-9dd2-8d9d54f482b9', 'Watanabe', 'Kenji', '2002-06-16', 0, 'GBR'),
('0ff60fbf-1709-43eb-8d2c-079c4fe47b8c', 'Martin', 'Jean', '2005-08-19', 0, 'CAN'),
('94a6e5af-a0f2-4ccb-b8a7-2107821934d2', 'Johnson', 'Kenji', '2008-03-10', 0, 'CAN'),
('c7d9880e-9dbb-4aa4-a015-bb27738002c8', 'Tremblay', 'Sophie', '1990-02-15', 0, 'JPN'),
('acebf497-1ddf-462a-8885-1ac6a90120bc', 'Roux', 'Léa', '2009-01-12', 0, 'GBR'),
('76164874-d978-4c6c-97a5-231078929c24', 'Gagnon', 'Kenji', '1974-09-15', 0, 'CAN'),
('4c4a4c1d-7bb3-45d8-b76e-d80908449776', 'Roux', 'Hugo', '1950-08-18', 0, 'USA'),
('be44b2d8-bcba-4d32-a44d-cc8b20bdd879', 'Petit', 'Léa', '2000-06-15', 0, 'FRA'),
('3be4b947-a978-47bc-96a6-ab69fe646d3f', 'Johnson', 'Marie', '2004-02-10', 0, 'USA'),
('9d523e19-9ce8-45b5-8fc1-5f34adac446a', 'Smith', 'Yui', '2002-02-19', 0, 'GBR'),
('619032ec-7963-4eea-8e8a-dda7d7f31eef', 'Roux', 'Léa', '1986-07-12', 0, 'CAN'),
('869f8022-69a9-4910-9de4-dcf4f8df79e4', 'Roux', 'John', '1978-07-10', 0, 'JPN'),
('17adf0a3-d5d1-46b5-bac9-aa000da9515e', 'Watanabe', 'John', '2004-05-18', 0, 'FRA'),
('19d06c02-8dcf-446e-a1ed-8645606578b2', 'Garcia', 'John', '1970-09-14', 0, 'GBR'),
('af7fda1a-52c5-4b2f-8a2d-16f418dec6a8', 'Gagnon', 'Yui', '1951-02-18', 0, 'CAN'),
('a8b39d67-1e41-4f77-8ad1-2ec7606334d2', 'Gagnon', 'Luc', '1971-02-16', 0, 'CAN'),
('fb3cecef-2596-4c4f-8739-394775b3092a', 'Tremblay', 'Kenji', '1961-09-18', 0, 'JPN'),
('ac443df8-b613-453c-876a-8419c60bc1db', 'Smith', 'Yui', '1974-09-13', 0, 'CAN'),
('8e7e26f3-4937-4cce-8729-05e1e6dd580a', 'Johnson', 'Luc', '1977-02-17', 0, 'USA'),
('0b9d0286-72b2-4426-96c0-ac44b7a6228f', 'Johnson', 'Emma', '1984-02-13', 0, 'CAN'),
('172386cf-0425-4f73-8c2c-2a47cf1eba44', 'Martin', 'Jean', '1994-02-16', 0, 'JPN'),
('a411bb35-28f9-4a8d-ad87-2262a0050bcf', 'Dupont', 'Hugo', '1997-07-13', 0, 'CAN'),
('b8476115-eb6f-47ab-a8d0-c2943b0d07f8', 'Martin', 'Luc', '1965-07-17', 0, 'GBR'),
('39ca6623-4e74-4191-b04e-56672cd759ea', 'Martin', 'Emma', '2002-02-10', 0, 'GBR'),
('6b9c8d7a-6a8a-4744-b25f-af8b1d2d7a31', 'Tremblay', 'Léa', '1981-09-12', 0, 'CAN'),
('47dceb12-ebd7-4aa7-8ebd-ffd38b800235', 'Petit', 'Kenji', '2008-09-14', 0, 'USA'),
('59449816-dec5-4957-94c6-15485b0658db', 'Tremblay', 'Hugo', '2005-08-17', 1, 'JPN'),
('4731c14a-a260-461d-8209-8c90fa6ec3a3', 'Watanabe', 'Emma', '1962-07-19', 0, 'FRA'),
('6233ade4-4daa-4b8d-b401-5465b095e8a2', 'Garcia', 'Marie', '1992-01-19', 0, 'FRA'),
('4fbd1e07-7ba6-4e06-8931-91677bdf3a85', 'Petit', 'Emma', '1995-01-10', 0, 'CAN'),
('1b3927d7-d1af-4b0c-a305-8d0407fbd421', 'Johnson', 'Kenji', '1965-09-16', 0, 'FRA'),
('ddc4b4b9-9263-4966-bc00-a40e2aeeb76a', 'Roux', 'Luc', '1965-08-11', 0, 'GBR'),
('e1426d16-4fae-4453-8aef-59adcf979137', 'Tremblay', 'Kenji', '1983-09-17', 0, 'JPN'),
('906db4f2-6868-42b6-a6f5-f9c461661084', 'Smith', 'Sophie', '1967-07-16', 0, 'CAN'),
('ce412fc1-b7f1-4afb-9923-53716045bf54', 'Watanabe', 'Léa', '1991-02-15', 0, 'USA');

INSERT INTO Vol (UUID_vol, Code_vol, Date_départ_GMT_1_, Date_arrivé_GMT_1_, ID_avion, ICAO_départ, ICAO_arrivé) VALUES
('6d72a678-e3c8-4529-aa05-255fbe8d8772', 'VOL100', '2026-04-02 12:00:00', '2026-04-02 22:00:00', 'ID-AV1','LFPO','KJFK'),
('209c98fb-3db8-4368-8e9d-105d3446bbb2', 'VOL200', '2026-04-03 07:00:00', '2026-04-03 11:00:00', 'ID-AV1','KLAX','LFPO'),
('88190577-d1c7-4fd3-97a4-99ae60f371cd', 'VOL300', '2026-04-04 10:00:00', '2026-04-04 15:00:00', 'ID-AV1','LFPO','EGLL'),
('1abaeb0b-4af7-437c-a376-968c5926f221', 'VOL400', '2026-04-05 05:00:00', '2026-04-05 17:00:00', 'ID-AV5','RJTT','KJFK'),
('d3a3ffce-22a2-4109-a048-d5c50c9ade8c', 'VOL500', '2026-04-06 04:00:00', '2026-04-06 09:00:00', 'ID-AV4','KJFK','KLAX'),
('96209435-ef79-4974-a8d5-c431cfa1f6e7', 'VOL600', '2026-04-07 09:00:00', '2026-04-07 13:00:00', 'ID-AV4','LFPG','RJTT'),
('e3c62f01-2f91-45e4-b6d2-1ad32545d582', 'VOL700', '2026-04-08 12:00:00', '2026-04-08 17:00:00', 'ID-AV8','EGLL','KJFK'),
('11a40dc2-c4bf-4b3e-a1dc-e317e7292a63', 'VOL800', '2026-04-09 04:00:00', '2026-04-09 09:00:00', 'ID-AV9','EGLL','LFPG'),
('e9bc7a1f-59ae-4d1b-905d-fd0eaf41ae22', 'VOL900', '2026-04-10 09:00:00', '2026-04-10 13:00:00', 'ID-AV7','EGLL','KLAX'),
('4788b438-2742-4892-a8e6-cbd7a6c7381c', 'VOL1000', '2026-04-11 07:00:00', '2026-04-11 11:00:00', 'ID-AV9','LFPO','RJTT'),
('61eae1b3-e3d2-4d0d-becd-2cf6127604d6', 'VOL1100', '2026-04-12 12:00:00', '2026-04-12 16:00:00', 'ID-AV6','RJTT','KLAX'),
('8cdb6d55-e7bc-4e50-84bf-df7ea27ccfed', 'VOL1200', '2026-04-13 10:00:00', '2026-04-13 21:00:00', 'ID-AV1','EGLL','KJFK'),
('3a9f3bd7-1058-4a18-b07d-2fab06225506', 'VOL1300', '2026-04-14 04:00:00', '2026-04-14 15:00:00', 'ID-AV8','LFPG','KJFK'),
('bde0455c-deae-4ebe-896a-f72d3f2a6ad6', 'VOL1400', '2026-04-15 05:00:00', '2026-04-15 08:00:00', 'ID-AV3','EGLL','LFPO'),
('9898a615-6f17-4e25-8d4f-62c9ffb8d5eb', 'VOL1500', '2026-04-16 11:00:00', '2026-04-16 15:00:00', 'ID-AV1','KJFK','LFPG');

INSERT INTO Vol_Employer (UUID_vol, UUID_employer) VALUES
('6d72a678-e3c8-4529-aa05-255fbe8d8772', '18c103cd-1eb5-4331-9236-d3a80bc55ec5'),
('6d72a678-e3c8-4529-aa05-255fbe8d8772', 'd0f55886-85ab-4cae-a55c-15c0e3cf704d'),
('6d72a678-e3c8-4529-aa05-255fbe8d8772', '2d8a8955-84cc-41ce-8364-b19421237552'),
('6d72a678-e3c8-4529-aa05-255fbe8d8772', '699659f9-e5da-4be3-892e-8ad692a46588'),
('6d72a678-e3c8-4529-aa05-255fbe8d8772', '6d647610-1f16-4aed-a2a1-d2ba9f43ae33'),
('209c98fb-3db8-4368-8e9d-105d3446bbb2', 'fdf5735a-e78c-4631-915c-79930c3a6b0a'),
('209c98fb-3db8-4368-8e9d-105d3446bbb2', '1d729d22-4703-4b5d-90a4-576e3c0fb35b'),
('209c98fb-3db8-4368-8e9d-105d3446bbb2', 'd1181b3f-6fee-4a5c-8f36-4fde4513f27a'),
('209c98fb-3db8-4368-8e9d-105d3446bbb2', 'f1bef3d5-a73d-49d1-9fab-26cf0587cb24'),
('209c98fb-3db8-4368-8e9d-105d3446bbb2', '80023509-d4b0-4e01-b132-303c44c00632'),
('88190577-d1c7-4fd3-97a4-99ae60f371cd', 'a9748536-9ddb-46ce-afc5-20258e793a2e'),
('88190577-d1c7-4fd3-97a4-99ae60f371cd', 'e6c874f2-5f7b-4b42-83e1-aea9275d9b48'),
('88190577-d1c7-4fd3-97a4-99ae60f371cd', '2d8a8955-84cc-41ce-8364-b19421237552'),
('88190577-d1c7-4fd3-97a4-99ae60f371cd', 'cdeb54a1-42de-430c-9528-cb302d08c20e'),
('88190577-d1c7-4fd3-97a4-99ae60f371cd', '457f9cd0-9200-4383-a5cc-057b32821169'),
('1abaeb0b-4af7-437c-a376-968c5926f221', 'd60452ce-d48a-49dd-b766-c997cf2b3ae0'),
('1abaeb0b-4af7-437c-a376-968c5926f221', '74384d64-1d3f-40ff-ae94-2a59ff5ff3e7'),
('1abaeb0b-4af7-437c-a376-968c5926f221', '58948c72-a0c0-4dfd-92b3-793a36702e60'),
('1abaeb0b-4af7-437c-a376-968c5926f221', '4d40b98c-427d-413c-9d60-b854338b1928'),
('1abaeb0b-4af7-437c-a376-968c5926f221', '14813ee8-9af7-42d9-972b-ec17a0781e10'),
('d3a3ffce-22a2-4109-a048-d5c50c9ade8c', '699659f9-e5da-4be3-892e-8ad692a46588'),
('d3a3ffce-22a2-4109-a048-d5c50c9ade8c', '7e83fa40-a4dd-4e2a-b13a-4359099eea60'),
('d3a3ffce-22a2-4109-a048-d5c50c9ade8c', '63ab8314-2b75-4bbb-84fc-76d27ad517a5'),
('d3a3ffce-22a2-4109-a048-d5c50c9ade8c', '14813ee8-9af7-42d9-972b-ec17a0781e10'),
('d3a3ffce-22a2-4109-a048-d5c50c9ade8c', 'fbd8c9cd-0a96-450b-a792-8e79d3f5547c'),
('96209435-ef79-4974-a8d5-c431cfa1f6e7', '8e192ee7-e8f0-483b-8d32-5444da058179'),
('96209435-ef79-4974-a8d5-c431cfa1f6e7', 'edea32d1-e5eb-4c56-b78f-d55a7007c77c'),
('96209435-ef79-4974-a8d5-c431cfa1f6e7', '0d0153b2-18d9-40b5-850f-cbea32fa02cc'),
('96209435-ef79-4974-a8d5-c431cfa1f6e7', 'd0f55886-85ab-4cae-a55c-15c0e3cf704d'),
('96209435-ef79-4974-a8d5-c431cfa1f6e7', '527630ec-bd3a-4b54-88ab-3d16ffb698ce'),
('e3c62f01-2f91-45e4-b6d2-1ad32545d582', '713f043f-2d42-4b92-b473-c317a5f65f55'),
('e3c62f01-2f91-45e4-b6d2-1ad32545d582', '58948c72-a0c0-4dfd-92b3-793a36702e60'),
('e3c62f01-2f91-45e4-b6d2-1ad32545d582', '856f8d0c-e18a-42cb-ab60-2178685aeb5f'),
('e3c62f01-2f91-45e4-b6d2-1ad32545d582', 'b47bd63e-0d8d-4249-9b96-24f96f6e0b54'),
('e3c62f01-2f91-45e4-b6d2-1ad32545d582', 'e6c874f2-5f7b-4b42-83e1-aea9275d9b48'),
('11a40dc2-c4bf-4b3e-a1dc-e317e7292a63', '699659f9-e5da-4be3-892e-8ad692a46588'),
('11a40dc2-c4bf-4b3e-a1dc-e317e7292a63', '522a319d-3af9-4d83-a844-7e632cdb1a32'),
('11a40dc2-c4bf-4b3e-a1dc-e317e7292a63', '52af2f12-3e2e-4c40-ae61-3a6fc1343bb1'),
('11a40dc2-c4bf-4b3e-a1dc-e317e7292a63', 'a3de7389-dd1a-4936-ad0f-92d01f761720'),
('11a40dc2-c4bf-4b3e-a1dc-e317e7292a63', 'c3f8870a-684f-45ff-be43-c9a9a410e942'),
('e9bc7a1f-59ae-4d1b-905d-fd0eaf41ae22', '8a217c73-3bc7-44f1-ac04-85b8ebf6656e'),
('e9bc7a1f-59ae-4d1b-905d-fd0eaf41ae22', 'a3de7389-dd1a-4936-ad0f-92d01f761720'),
('e9bc7a1f-59ae-4d1b-905d-fd0eaf41ae22', 'd0f55886-85ab-4cae-a55c-15c0e3cf704d'),
('e9bc7a1f-59ae-4d1b-905d-fd0eaf41ae22', 'e6c874f2-5f7b-4b42-83e1-aea9275d9b48'),
('e9bc7a1f-59ae-4d1b-905d-fd0eaf41ae22', 'fbd8c9cd-0a96-450b-a792-8e79d3f5547c'),
('4788b438-2742-4892-a8e6-cbd7a6c7381c', '52af2f12-3e2e-4c40-ae61-3a6fc1343bb1'),
('4788b438-2742-4892-a8e6-cbd7a6c7381c', '18c103cd-1eb5-4331-9236-d3a80bc55ec5'),
('4788b438-2742-4892-a8e6-cbd7a6c7381c', 'e8190c02-154e-4b17-bd76-b2aebe5aeb0c'),
('4788b438-2742-4892-a8e6-cbd7a6c7381c', '6d647610-1f16-4aed-a2a1-d2ba9f43ae33'),
('4788b438-2742-4892-a8e6-cbd7a6c7381c', 'b47bd63e-0d8d-4249-9b96-24f96f6e0b54'),
('61eae1b3-e3d2-4d0d-becd-2cf6127604d6', 'a7055391-2b80-4a18-9a19-4fc871e024b4'),
('61eae1b3-e3d2-4d0d-becd-2cf6127604d6', 'edcb6e89-0ebb-4160-a7bb-9500dde1b62c'),
('61eae1b3-e3d2-4d0d-becd-2cf6127604d6', '7e83fa40-a4dd-4e2a-b13a-4359099eea60'),
('61eae1b3-e3d2-4d0d-becd-2cf6127604d6', '8e192ee7-e8f0-483b-8d32-5444da058179'),
('61eae1b3-e3d2-4d0d-becd-2cf6127604d6', 'fdf5735a-e78c-4631-915c-79930c3a6b0a'),
('8cdb6d55-e7bc-4e50-84bf-df7ea27ccfed', '900e6f08-eac4-42e6-bbb7-dd27e85fab0e'),
('8cdb6d55-e7bc-4e50-84bf-df7ea27ccfed', 'b47bd63e-0d8d-4249-9b96-24f96f6e0b54'),
('8cdb6d55-e7bc-4e50-84bf-df7ea27ccfed', 'd1181b3f-6fee-4a5c-8f36-4fde4513f27a'),
('8cdb6d55-e7bc-4e50-84bf-df7ea27ccfed', '2d7dcc8b-fc1d-443d-8fc4-fb298e13d89a'),
('8cdb6d55-e7bc-4e50-84bf-df7ea27ccfed', '52af2f12-3e2e-4c40-ae61-3a6fc1343bb1'),
('3a9f3bd7-1058-4a18-b07d-2fab06225506', '7e83fa40-a4dd-4e2a-b13a-4359099eea60'),
('3a9f3bd7-1058-4a18-b07d-2fab06225506', '18c103cd-1eb5-4331-9236-d3a80bc55ec5'),
('3a9f3bd7-1058-4a18-b07d-2fab06225506', '2e530fa7-0ae4-43c0-93ba-4de76ffcfb0f'),
('3a9f3bd7-1058-4a18-b07d-2fab06225506', 'fdf5735a-e78c-4631-915c-79930c3a6b0a'),
('3a9f3bd7-1058-4a18-b07d-2fab06225506', 'edcb6e89-0ebb-4160-a7bb-9500dde1b62c'),
('bde0455c-deae-4ebe-896a-f72d3f2a6ad6', '527630ec-bd3a-4b54-88ab-3d16ffb698ce'),
('bde0455c-deae-4ebe-896a-f72d3f2a6ad6', '18c103cd-1eb5-4331-9236-d3a80bc55ec5'),
('bde0455c-deae-4ebe-896a-f72d3f2a6ad6', '7f90da3f-081d-48a8-ad56-f777dd6b71ed'),
('bde0455c-deae-4ebe-896a-f72d3f2a6ad6', 'b47bd63e-0d8d-4249-9b96-24f96f6e0b54'),
('bde0455c-deae-4ebe-896a-f72d3f2a6ad6', '52af2f12-3e2e-4c40-ae61-3a6fc1343bb1'),
('9898a615-6f17-4e25-8d4f-62c9ffb8d5eb', '6079666f-9ce6-487d-988b-11763864b39f'),
('9898a615-6f17-4e25-8d4f-62c9ffb8d5eb', '522a319d-3af9-4d83-a844-7e632cdb1a32'),
('9898a615-6f17-4e25-8d4f-62c9ffb8d5eb', '7e83fa40-a4dd-4e2a-b13a-4359099eea60'),
('9898a615-6f17-4e25-8d4f-62c9ffb8d5eb', '8a217c73-3bc7-44f1-ac04-85b8ebf6656e'),
('9898a615-6f17-4e25-8d4f-62c9ffb8d5eb', 'cdeb54a1-42de-430c-9528-cb302d08c20e');

INSERT INTO Vol_Voyageur (UUID_vol, UUID_voyageur) VALUES
('6d72a678-e3c8-4529-aa05-255fbe8d8772', 'bff10a8f-546e-458c-ae61-5ce1718fe41b'),
('6d72a678-e3c8-4529-aa05-255fbe8d8772', 'ddcaa058-24e3-42fc-ac73-06f722625d55'),
('6d72a678-e3c8-4529-aa05-255fbe8d8772', '174df7c9-3586-4bc6-9b89-c4f273d78ebb'),
('6d72a678-e3c8-4529-aa05-255fbe8d8772', '619032ec-7963-4eea-8e8a-dda7d7f31eef'),
('6d72a678-e3c8-4529-aa05-255fbe8d8772', 'a411bb35-28f9-4a8d-ad87-2262a0050bcf'),
('6d72a678-e3c8-4529-aa05-255fbe8d8772', 'a5464a2d-3a1f-45e2-b5f1-4307ee37ba94'),
('6d72a678-e3c8-4529-aa05-255fbe8d8772', '7b979b99-1e9d-41fb-8a64-4ea1cd551e67'),
('6d72a678-e3c8-4529-aa05-255fbe8d8772', '76164874-d978-4c6c-97a5-231078929c24'),
('6d72a678-e3c8-4529-aa05-255fbe8d8772', '7858b15a-9e9f-4324-baad-26e701a0b784'),
('6d72a678-e3c8-4529-aa05-255fbe8d8772', '2e93fab3-8486-47b1-942a-2506734ecdd9'),
('6d72a678-e3c8-4529-aa05-255fbe8d8772', '9cc7fe5c-5355-4995-bfc2-27abb965a1bd'),
('6d72a678-e3c8-4529-aa05-255fbe8d8772', '555f10e8-4bfb-4fc6-82a1-e3e31c7db950'),
('6d72a678-e3c8-4529-aa05-255fbe8d8772', '01ed9bf0-e128-4d7e-b8b1-e0a32318ad16'),
('6d72a678-e3c8-4529-aa05-255fbe8d8772', '6ea5d5b3-6912-4cbf-bd3c-5c5ffdd5bc4a'),
('6d72a678-e3c8-4529-aa05-255fbe8d8772', '19d06c02-8dcf-446e-a1ed-8645606578b2'),
('6d72a678-e3c8-4529-aa05-255fbe8d8772', '106c1227-7b00-4099-96b2-ce6399c9f8f3'),
('6d72a678-e3c8-4529-aa05-255fbe8d8772', 'b9a45f72-feb4-4c4a-9c53-e6d8d7b77135'),
('6d72a678-e3c8-4529-aa05-255fbe8d8772', '2b1eb31f-bab4-4ac7-8391-2460d4e57fec'),
('6d72a678-e3c8-4529-aa05-255fbe8d8772', '9a528144-d9b2-4cff-899f-45a96ae9587d'),
('209c98fb-3db8-4368-8e9d-105d3446bbb2', 'dbdfd0fc-e110-4bec-873d-40930f0d671a'),
('209c98fb-3db8-4368-8e9d-105d3446bbb2', '6878120e-0add-4e54-b66c-8e9cb0b45198'),
('209c98fb-3db8-4368-8e9d-105d3446bbb2', '1d5e1016-cfb0-4f0e-8fce-e936887bf20a'),
('209c98fb-3db8-4368-8e9d-105d3446bbb2', '7ba5beb9-b83f-40e9-8a29-46ae1398bfee'),
('209c98fb-3db8-4368-8e9d-105d3446bbb2', '2e95994e-b813-484b-87c9-21821493e47c'),
('209c98fb-3db8-4368-8e9d-105d3446bbb2', '051bf834-2ea1-41a8-9dd2-8d9d54f482b9'),
('209c98fb-3db8-4368-8e9d-105d3446bbb2', 'd1558e50-f80e-4d78-948e-2cebdb04d65a'),
('209c98fb-3db8-4368-8e9d-105d3446bbb2', 'ddcaa058-24e3-42fc-ac73-06f722625d55'),
('209c98fb-3db8-4368-8e9d-105d3446bbb2', '32b3349b-290c-426b-b942-548197591a94'),
('209c98fb-3db8-4368-8e9d-105d3446bbb2', 'af11bd78-ace2-4ee8-9c6c-9fb6e1286617'),
('209c98fb-3db8-4368-8e9d-105d3446bbb2', 'c110e9ae-840f-4f05-8bfd-9f3a32db48df'),
('209c98fb-3db8-4368-8e9d-105d3446bbb2', '756c64e1-26ac-4c31-80a8-44fde51b7a18'),
('209c98fb-3db8-4368-8e9d-105d3446bbb2', '5b4149c3-3df1-4876-8dc1-7ff9bf51d883'),
('209c98fb-3db8-4368-8e9d-105d3446bbb2', '66386b8d-8fa5-429a-9776-d99c99bf5b8c'),
('209c98fb-3db8-4368-8e9d-105d3446bbb2', 'd7b3256e-03d3-4279-863f-6123060c60ca'),
('209c98fb-3db8-4368-8e9d-105d3446bbb2', '7a316d56-d4fd-499a-ae7e-818e3c99d49b'),
('209c98fb-3db8-4368-8e9d-105d3446bbb2', 'f8d55849-791e-4689-b524-92b43858c738'),
('209c98fb-3db8-4368-8e9d-105d3446bbb2', 'ef42190f-4229-4234-8ea3-6877d6235552'),
('209c98fb-3db8-4368-8e9d-105d3446bbb2', 'dcc682ea-dd63-4a7d-83fc-e734e641280b'),
('209c98fb-3db8-4368-8e9d-105d3446bbb2', '5e032b78-da02-4ffb-9835-0c4a5271c027'),
('209c98fb-3db8-4368-8e9d-105d3446bbb2', 'af2e2ba2-fd78-4ff9-af4f-5aaf1374ddc8'),
('209c98fb-3db8-4368-8e9d-105d3446bbb2', 'ac443df8-b613-453c-876a-8419c60bc1db'),
('88190577-d1c7-4fd3-97a4-99ae60f371cd', '19920430-10ec-4420-86f7-525b24cbf4d9'),
('88190577-d1c7-4fd3-97a4-99ae60f371cd', '89059697-8bbb-4b09-8369-6e40f7231884'),
('88190577-d1c7-4fd3-97a4-99ae60f371cd', '68d11800-3305-43ba-b3bf-28d0c9b4d6d4'),
('88190577-d1c7-4fd3-97a4-99ae60f371cd', 'a7872b39-b72f-4f12-805d-19bc91728eac'),
('88190577-d1c7-4fd3-97a4-99ae60f371cd', '83fab975-bbcd-4f83-bc27-170c7e7b44be'),
('88190577-d1c7-4fd3-97a4-99ae60f371cd', '9b4c4e10-eb37-447a-9344-13679e3735c3'),
('88190577-d1c7-4fd3-97a4-99ae60f371cd', '411d3768-ece5-4a27-9731-b8c7161e2684'),
('88190577-d1c7-4fd3-97a4-99ae60f371cd', '0b3c388b-3cf0-4d39-988b-937918a13a20'),
('88190577-d1c7-4fd3-97a4-99ae60f371cd', 'a5464a2d-3a1f-45e2-b5f1-4307ee37ba94'),
('88190577-d1c7-4fd3-97a4-99ae60f371cd', 'acebf497-1ddf-462a-8885-1ac6a90120bc'),
('88190577-d1c7-4fd3-97a4-99ae60f371cd', '9cc7fe5c-5355-4995-bfc2-27abb965a1bd'),
('88190577-d1c7-4fd3-97a4-99ae60f371cd', '46c7396c-c0e5-455a-acbb-30b42dee0629'),
('88190577-d1c7-4fd3-97a4-99ae60f371cd', 'be148ce6-e2ca-40ad-ae25-9b2dbd09505d'),
('88190577-d1c7-4fd3-97a4-99ae60f371cd', '1104def2-9b59-467e-b3a4-745f0868cc8e'),
('88190577-d1c7-4fd3-97a4-99ae60f371cd', 'f6c55cd3-bd80-42d6-b5e5-9cbdf6c8d030'),
('88190577-d1c7-4fd3-97a4-99ae60f371cd', '701e7e26-dc23-49ae-b6b7-6316482d7278'),
('88190577-d1c7-4fd3-97a4-99ae60f371cd', '58a516c1-b5bb-418b-8875-dfa095e4a8ef'),
('88190577-d1c7-4fd3-97a4-99ae60f371cd', '2e95994e-b813-484b-87c9-21821493e47c'),
('88190577-d1c7-4fd3-97a4-99ae60f371cd', '70d2fadc-0c73-4e34-8d96-8b476a457eb0'),
('88190577-d1c7-4fd3-97a4-99ae60f371cd', '23fe85c8-10c7-440c-a55d-ede383f1b3d4'),
('88190577-d1c7-4fd3-97a4-99ae60f371cd', 'b1e34390-221d-4e21-a744-e2315adc357e'),
('88190577-d1c7-4fd3-97a4-99ae60f371cd', '6dec3cf2-b46f-405d-88c1-761db1cacec4'),
('1abaeb0b-4af7-437c-a376-968c5926f221', '02b25838-4ac3-4a3f-ae28-2d3493166fbf'),
('1abaeb0b-4af7-437c-a376-968c5926f221', 'f732cd56-aa59-448f-96f0-18742209d412'),
('1abaeb0b-4af7-437c-a376-968c5926f221', '81c3d391-6f1d-476f-b00e-54a6aeba5a51'),
('1abaeb0b-4af7-437c-a376-968c5926f221', 'fe4cab98-09c1-45fd-9022-70a8f3dd44b4'),
('1abaeb0b-4af7-437c-a376-968c5926f221', 'd5a66031-7ed4-419a-ad5f-bdc8976cde61'),
('1abaeb0b-4af7-437c-a376-968c5926f221', '6b2cb8d2-1baa-4e90-93bf-f6a856bd4eec'),
('1abaeb0b-4af7-437c-a376-968c5926f221', '064e5879-f1b6-4458-ba3d-a34e51d2f8c2'),
('1abaeb0b-4af7-437c-a376-968c5926f221', 'b32610eb-e94e-4550-ae19-b55a3ed60243'),
('1abaeb0b-4af7-437c-a376-968c5926f221', '68d11800-3305-43ba-b3bf-28d0c9b4d6d4'),
('1abaeb0b-4af7-437c-a376-968c5926f221', 'be44b2d8-bcba-4d32-a44d-cc8b20bdd879'),
('1abaeb0b-4af7-437c-a376-968c5926f221', 'a8c56dab-2c33-452d-90c3-d574dba75383'),
('1abaeb0b-4af7-437c-a376-968c5926f221', '5e032b78-da02-4ffb-9835-0c4a5271c027'),
('1abaeb0b-4af7-437c-a376-968c5926f221', 'd6f3aeba-8343-42dc-aea4-577bb2c6c215'),
('1abaeb0b-4af7-437c-a376-968c5926f221', '3a569cdf-f5a2-4aac-b16f-65b70b55fbb6'),
('1abaeb0b-4af7-437c-a376-968c5926f221', '696e1a93-fd0b-459f-844a-e7afc39a6a6d'),
('1abaeb0b-4af7-437c-a376-968c5926f221', '25495d3f-da68-4c55-accd-0a7f9e3c7b43'),
('1abaeb0b-4af7-437c-a376-968c5926f221', '0cc70a00-35a0-4f38-8b59-9a84812d7823'),
('1abaeb0b-4af7-437c-a376-968c5926f221', '7a316d56-d4fd-499a-ae7e-818e3c99d49b'),
('d3a3ffce-22a2-4109-a048-d5c50c9ade8c', '32b3349b-290c-426b-b942-548197591a94'),
('d3a3ffce-22a2-4109-a048-d5c50c9ade8c', 'bda5fb95-157f-4104-b9cb-1c6c91528ea6'),
('d3a3ffce-22a2-4109-a048-d5c50c9ade8c', '8bcffd29-5548-496a-a37c-39f82a49ac5b'),
('d3a3ffce-22a2-4109-a048-d5c50c9ade8c', '3fdfe2aa-d81f-436c-999a-c1bc7682f42c'),
('d3a3ffce-22a2-4109-a048-d5c50c9ade8c', '68420f4f-9c15-48f6-99ea-20e7fbcddda2'),
('d3a3ffce-22a2-4109-a048-d5c50c9ade8c', 'cf0022c4-1e43-4bca-92c2-fb9dafff2f39'),
('d3a3ffce-22a2-4109-a048-d5c50c9ade8c', '264cffba-6761-42f4-b62e-7a6cac39c075'),
('d3a3ffce-22a2-4109-a048-d5c50c9ade8c', '65307092-484c-4313-bbc1-a60913b8da87'),
('d3a3ffce-22a2-4109-a048-d5c50c9ade8c', '70d2fadc-0c73-4e34-8d96-8b476a457eb0'),
('d3a3ffce-22a2-4109-a048-d5c50c9ade8c', 'ecc16c8b-f785-46aa-9da8-69abd21377f9'),
('d3a3ffce-22a2-4109-a048-d5c50c9ade8c', '0a3cdda2-e85c-4c90-aa37-f08d54a0512c'),
('d3a3ffce-22a2-4109-a048-d5c50c9ade8c', 'ba183ed2-431a-4c69-94ed-60195d2e32ed'),
('d3a3ffce-22a2-4109-a048-d5c50c9ade8c', 'd8d24014-fd68-42dc-8425-4a7ec8dc59a3'),
('d3a3ffce-22a2-4109-a048-d5c50c9ade8c', '2e93fab3-8486-47b1-942a-2506734ecdd9'),
('d3a3ffce-22a2-4109-a048-d5c50c9ade8c', '35dd59c5-94c7-4120-a4ed-6efd103aa5af'),
('d3a3ffce-22a2-4109-a048-d5c50c9ade8c', '66386b8d-8fa5-429a-9776-d99c99bf5b8c'),
('d3a3ffce-22a2-4109-a048-d5c50c9ade8c', '7858b15a-9e9f-4324-baad-26e701a0b784'),
('d3a3ffce-22a2-4109-a048-d5c50c9ade8c', '46c7396c-c0e5-455a-acbb-30b42dee0629'),
('d3a3ffce-22a2-4109-a048-d5c50c9ade8c', '60091f17-ab83-4795-888f-170d869aa75e'),
('d3a3ffce-22a2-4109-a048-d5c50c9ade8c', '869f8022-69a9-4910-9de4-dcf4f8df79e4'),
('96209435-ef79-4974-a8d5-c431cfa1f6e7', '869f8022-69a9-4910-9de4-dcf4f8df79e4'),
('96209435-ef79-4974-a8d5-c431cfa1f6e7', '3e52a007-7f3c-427c-9045-6d4941230493'),
('96209435-ef79-4974-a8d5-c431cfa1f6e7', 'd8d24014-fd68-42dc-8425-4a7ec8dc59a3'),
('96209435-ef79-4974-a8d5-c431cfa1f6e7', '73c77f45-07d4-4a48-81f2-372e59ae1d3c'),
('96209435-ef79-4974-a8d5-c431cfa1f6e7', '5ff31f4e-d5b9-4bc8-830d-de111fc0fa0a'),
('96209435-ef79-4974-a8d5-c431cfa1f6e7', 'cf289158-bb93-41d9-86a8-bd91d2eee4dd'),
('96209435-ef79-4974-a8d5-c431cfa1f6e7', '35b893ea-dc63-4d08-9fbc-c829451f7959'),
('96209435-ef79-4974-a8d5-c431cfa1f6e7', '2dc40f5a-eace-4aaf-a441-52051216c76d'),
('96209435-ef79-4974-a8d5-c431cfa1f6e7', '02c61bfa-aec7-4dcf-a85d-47862f5474d8'),
('96209435-ef79-4974-a8d5-c431cfa1f6e7', '4091015a-e911-4ba7-bc55-97d81a5b4048'),
('96209435-ef79-4974-a8d5-c431cfa1f6e7', '0a973382-f08f-4ab4-90e1-afe9822fe893'),
('96209435-ef79-4974-a8d5-c431cfa1f6e7', '0bbe855d-391d-4fab-96a7-a66d85493e0c'),
('96209435-ef79-4974-a8d5-c431cfa1f6e7', 'b2ecfd95-9e57-4570-b0ea-fe321f8d8114'),
('96209435-ef79-4974-a8d5-c431cfa1f6e7', '569787ae-7bb2-4741-bdb2-4a79b66f8758'),
('96209435-ef79-4974-a8d5-c431cfa1f6e7', '6b2cb8d2-1baa-4e90-93bf-f6a856bd4eec'),
('96209435-ef79-4974-a8d5-c431cfa1f6e7', '5b02d9a5-0215-4859-87cb-57983ef79db5'),
('96209435-ef79-4974-a8d5-c431cfa1f6e7', 'af2e2ba2-fd78-4ff9-af4f-5aaf1374ddc8'),
('96209435-ef79-4974-a8d5-c431cfa1f6e7', '2f7b5e9d-348d-4093-9c5c-5ffcbb05592d'),
('96209435-ef79-4974-a8d5-c431cfa1f6e7', '3d835b44-ea17-412f-b9ea-cedcd01e40a6'),
('96209435-ef79-4974-a8d5-c431cfa1f6e7', 'a9878ed8-7dbc-40b7-8cef-fbe68e9f6f18'),
('96209435-ef79-4974-a8d5-c431cfa1f6e7', '6233ade4-4daa-4b8d-b401-5465b095e8a2'),
('e3c62f01-2f91-45e4-b6d2-1ad32545d582', '4b68abef-6f46-4f60-b987-7d16a2657a75'),
('e3c62f01-2f91-45e4-b6d2-1ad32545d582', '70d2fadc-0c73-4e34-8d96-8b476a457eb0'),
('e3c62f01-2f91-45e4-b6d2-1ad32545d582', 'bf0e8725-2acd-4988-aecd-95be3690cee2'),
('e3c62f01-2f91-45e4-b6d2-1ad32545d582', '1b3927d7-d1af-4b0c-a305-8d0407fbd421'),
('e3c62f01-2f91-45e4-b6d2-1ad32545d582', '15f46cf7-d8ec-4f42-a731-f8016eb29cac'),
('e3c62f01-2f91-45e4-b6d2-1ad32545d582', '798dfa1a-eb2d-4c39-9d28-30e1e440a209'),
('e3c62f01-2f91-45e4-b6d2-1ad32545d582', 'ebfd2a96-6e7a-4394-b242-6482eb8defb2'),
('e3c62f01-2f91-45e4-b6d2-1ad32545d582', '2205f9ea-bffa-49c7-bf9e-03c6733ce36e'),
('e3c62f01-2f91-45e4-b6d2-1ad32545d582', '3d57e390-fe50-4fc7-9f0e-a306d1accead'),
('e3c62f01-2f91-45e4-b6d2-1ad32545d582', '10d10117-252d-4acd-a967-ab7b629c7f1c'),
('e3c62f01-2f91-45e4-b6d2-1ad32545d582', 'fbe23a16-8e09-4975-8e1c-45ebee72bbfb'),
('e3c62f01-2f91-45e4-b6d2-1ad32545d582', '87afc22e-1581-4d70-a1a8-3e995e9b50e0'),
('e3c62f01-2f91-45e4-b6d2-1ad32545d582', '83fab975-bbcd-4f83-bc27-170c7e7b44be'),
('e3c62f01-2f91-45e4-b6d2-1ad32545d582', 'c52e90d9-cc25-466d-be62-285b04dcb89f'),
('e3c62f01-2f91-45e4-b6d2-1ad32545d582', '68420f4f-9c15-48f6-99ea-20e7fbcddda2'),
('e3c62f01-2f91-45e4-b6d2-1ad32545d582', '19d06c02-8dcf-446e-a1ed-8645606578b2'),
('e3c62f01-2f91-45e4-b6d2-1ad32545d582', '0a973382-f08f-4ab4-90e1-afe9822fe893'),
('e3c62f01-2f91-45e4-b6d2-1ad32545d582', '5b4149c3-3df1-4876-8dc1-7ff9bf51d883'),
('11a40dc2-c4bf-4b3e-a1dc-e317e7292a63', 'abafdff3-e235-40e6-a909-455eb8b05881'),
('11a40dc2-c4bf-4b3e-a1dc-e317e7292a63', '64d86a96-2f60-411d-aa1f-122e543ff99b'),
('11a40dc2-c4bf-4b3e-a1dc-e317e7292a63', '76164874-d978-4c6c-97a5-231078929c24'),
('11a40dc2-c4bf-4b3e-a1dc-e317e7292a63', '696e1a93-fd0b-459f-844a-e7afc39a6a6d'),
('11a40dc2-c4bf-4b3e-a1dc-e317e7292a63', '798dfa1a-eb2d-4c39-9d28-30e1e440a209'),
('11a40dc2-c4bf-4b3e-a1dc-e317e7292a63', '02c61bfa-aec7-4dcf-a85d-47862f5474d8'),
('11a40dc2-c4bf-4b3e-a1dc-e317e7292a63', 'cf0022c4-1e43-4bca-92c2-fb9dafff2f39'),
('11a40dc2-c4bf-4b3e-a1dc-e317e7292a63', '064e5879-f1b6-4458-ba3d-a34e51d2f8c2'),
('11a40dc2-c4bf-4b3e-a1dc-e317e7292a63', 'd5e35e8d-3c6d-4ad3-bc69-df9a42c258cf'),
('11a40dc2-c4bf-4b3e-a1dc-e317e7292a63', '7fb0f92b-94a4-4180-869f-0d78e19ae37d'),
('11a40dc2-c4bf-4b3e-a1dc-e317e7292a63', 'e2b376cb-a430-426b-916b-6ca4a2992644'),
('11a40dc2-c4bf-4b3e-a1dc-e317e7292a63', '69927eec-a0d3-437c-89d8-a2c7570c3f11'),
('11a40dc2-c4bf-4b3e-a1dc-e317e7292a63', 'd1558e50-f80e-4d78-948e-2cebdb04d65a'),
('11a40dc2-c4bf-4b3e-a1dc-e317e7292a63', '43a8540b-10a8-4782-8507-9892b284507f'),
('11a40dc2-c4bf-4b3e-a1dc-e317e7292a63', 'd4ddb9df-5fb4-4bbd-84a0-f07fab9bf3f4'),
('11a40dc2-c4bf-4b3e-a1dc-e317e7292a63', 'ee571d02-74c1-483e-9547-a081556afd66'),
('11a40dc2-c4bf-4b3e-a1dc-e317e7292a63', 'a5293529-10b7-448c-9519-afdce98b01ad'),
('11a40dc2-c4bf-4b3e-a1dc-e317e7292a63', '2863a692-b947-40fc-8c8d-8f11871b55d4'),
('11a40dc2-c4bf-4b3e-a1dc-e317e7292a63', 'e6a73029-a24c-4146-afc7-2a0d1f2227e9'),
('e9bc7a1f-59ae-4d1b-905d-fd0eaf41ae22', '0bbe855d-391d-4fab-96a7-a66d85493e0c'),
('e9bc7a1f-59ae-4d1b-905d-fd0eaf41ae22', 'ee571d02-74c1-483e-9547-a081556afd66'),
('e9bc7a1f-59ae-4d1b-905d-fd0eaf41ae22', '3e52a007-7f3c-427c-9045-6d4941230493'),
('e9bc7a1f-59ae-4d1b-905d-fd0eaf41ae22', '42de2a62-a6aa-47ff-94e4-d9671bc604c6'),
('e9bc7a1f-59ae-4d1b-905d-fd0eaf41ae22', '73c77f45-07d4-4a48-81f2-372e59ae1d3c'),
('e9bc7a1f-59ae-4d1b-905d-fd0eaf41ae22', '325093a8-d1a3-46c5-8849-eeea95df98b6'),
('e9bc7a1f-59ae-4d1b-905d-fd0eaf41ae22', '35b893ea-dc63-4d08-9fbc-c829451f7959'),
('e9bc7a1f-59ae-4d1b-905d-fd0eaf41ae22', '426702fd-6e34-41c7-9628-08364d534458'),
('e9bc7a1f-59ae-4d1b-905d-fd0eaf41ae22', '2d92db67-0798-4f4f-9e3f-802cdc28317e'),
('e9bc7a1f-59ae-4d1b-905d-fd0eaf41ae22', '0eb1994f-1bfc-4ad0-a1a5-d816926f0da7'),
('e9bc7a1f-59ae-4d1b-905d-fd0eaf41ae22', '33d296ba-715f-4577-878f-95e46c737fce'),
('e9bc7a1f-59ae-4d1b-905d-fd0eaf41ae22', '76164874-d978-4c6c-97a5-231078929c24'),
('e9bc7a1f-59ae-4d1b-905d-fd0eaf41ae22', '5aff08c8-f5ba-4cbd-b4a5-daea877d7185'),
('e9bc7a1f-59ae-4d1b-905d-fd0eaf41ae22', '7b979b99-1e9d-41fb-8a64-4ea1cd551e67'),
('e9bc7a1f-59ae-4d1b-905d-fd0eaf41ae22', 'b32610eb-e94e-4550-ae19-b55a3ed60243'),
('e9bc7a1f-59ae-4d1b-905d-fd0eaf41ae22', '9a528144-d9b2-4cff-899f-45a96ae9587d'),
('e9bc7a1f-59ae-4d1b-905d-fd0eaf41ae22', '5ac76b55-6ab9-4a43-b177-db39f2e90f40'),
('e9bc7a1f-59ae-4d1b-905d-fd0eaf41ae22', '013dfe64-5202-4229-945c-072c0e9f60fc'),
('4788b438-2742-4892-a8e6-cbd7a6c7381c', 'e0816e58-7a9a-45f1-8c09-b0e190f174a2'),
('4788b438-2742-4892-a8e6-cbd7a6c7381c', '60a29934-35be-4b05-b758-0bb750cbd65a'),
('4788b438-2742-4892-a8e6-cbd7a6c7381c', 'ef42190f-4229-4234-8ea3-6877d6235552'),
('4788b438-2742-4892-a8e6-cbd7a6c7381c', '43a8540b-10a8-4782-8507-9892b284507f'),
('4788b438-2742-4892-a8e6-cbd7a6c7381c', 'dcc682ea-dd63-4a7d-83fc-e734e641280b'),
('4788b438-2742-4892-a8e6-cbd7a6c7381c', '747ca121-6ef7-4228-b89f-becd0759f508'),
('4788b438-2742-4892-a8e6-cbd7a6c7381c', '3be4b947-a978-47bc-96a6-ab69fe646d3f'),
('4788b438-2742-4892-a8e6-cbd7a6c7381c', '6b2cb8d2-1baa-4e90-93bf-f6a856bd4eec'),
('4788b438-2742-4892-a8e6-cbd7a6c7381c', '87845549-59e4-490d-8eb2-801b8420cee6'),
('4788b438-2742-4892-a8e6-cbd7a6c7381c', 'ee205599-d25a-4e3c-a698-fab5e35cf6b1'),
('4788b438-2742-4892-a8e6-cbd7a6c7381c', 'a93820b0-a868-446e-b24b-de66a3df2f88'),
('4788b438-2742-4892-a8e6-cbd7a6c7381c', '1d5e1016-cfb0-4f0e-8fce-e936887bf20a'),
('4788b438-2742-4892-a8e6-cbd7a6c7381c', '264cffba-6761-42f4-b62e-7a6cac39c075'),
('4788b438-2742-4892-a8e6-cbd7a6c7381c', 'ce412fc1-b7f1-4afb-9923-53716045bf54'),
('4788b438-2742-4892-a8e6-cbd7a6c7381c', 'ddc4b4b9-9263-4966-bc00-a40e2aeeb76a'),
('4788b438-2742-4892-a8e6-cbd7a6c7381c', '5b02d9a5-0215-4859-87cb-57983ef79db5'),
('4788b438-2742-4892-a8e6-cbd7a6c7381c', '6dec3cf2-b46f-405d-88c1-761db1cacec4'),
('4788b438-2742-4892-a8e6-cbd7a6c7381c', '61e8d36c-d65f-41f6-8db4-6fe1d05e1710'),
('61eae1b3-e3d2-4d0d-becd-2cf6127604d6', '8840315c-b917-43ea-9ce6-88fbc939a194'),
('61eae1b3-e3d2-4d0d-becd-2cf6127604d6', '58a516c1-b5bb-418b-8875-dfa095e4a8ef'),
('61eae1b3-e3d2-4d0d-becd-2cf6127604d6', '01223b66-a917-4673-a05f-7a4f18830ae6'),
('61eae1b3-e3d2-4d0d-becd-2cf6127604d6', '581da632-ab76-413a-aa7e-88c3666c09b8'),
('61eae1b3-e3d2-4d0d-becd-2cf6127604d6', '7a316d56-d4fd-499a-ae7e-818e3c99d49b'),
('61eae1b3-e3d2-4d0d-becd-2cf6127604d6', '16085a3b-cf6c-417c-b640-ed4999d533b5'),
('61eae1b3-e3d2-4d0d-becd-2cf6127604d6', 'a411bb35-28f9-4a8d-ad87-2262a0050bcf'),
('61eae1b3-e3d2-4d0d-becd-2cf6127604d6', '8447d517-7216-45c7-b1c9-433cccfe999b'),
('61eae1b3-e3d2-4d0d-becd-2cf6127604d6', 'cd939c6f-e758-477c-a91d-664c04bcae42'),
('61eae1b3-e3d2-4d0d-becd-2cf6127604d6', '02c61bfa-aec7-4dcf-a85d-47862f5474d8'),
('61eae1b3-e3d2-4d0d-becd-2cf6127604d6', '80aabc01-2300-49af-9cdd-dbfb620447d4'),
('61eae1b3-e3d2-4d0d-becd-2cf6127604d6', 'e763c997-d5ff-4347-ad03-3f3cce0a6d2a'),
('61eae1b3-e3d2-4d0d-becd-2cf6127604d6', '6ebe9a9a-5b57-4d64-ab02-292056e8411a'),
('61eae1b3-e3d2-4d0d-becd-2cf6127604d6', 'd4ddb9df-5fb4-4bbd-84a0-f07fab9bf3f4'),
('61eae1b3-e3d2-4d0d-becd-2cf6127604d6', '696e1a93-fd0b-459f-844a-e7afc39a6a6d'),
('61eae1b3-e3d2-4d0d-becd-2cf6127604d6', 'ba36b051-033b-4c52-91ab-5723a8314569'),
('61eae1b3-e3d2-4d0d-becd-2cf6127604d6', '69927eec-a0d3-437c-89d8-a2c7570c3f11'),
('61eae1b3-e3d2-4d0d-becd-2cf6127604d6', 'cd9168ed-aca5-4990-9211-361368246efb'),
('61eae1b3-e3d2-4d0d-becd-2cf6127604d6', '29a3b8c6-a650-4f05-9bec-88b8c3c00d1b'),
('61eae1b3-e3d2-4d0d-becd-2cf6127604d6', '2d92db67-0798-4f4f-9e3f-802cdc28317e'),
('61eae1b3-e3d2-4d0d-becd-2cf6127604d6', '59449816-dec5-4957-94c6-15485b0658db'),
('61eae1b3-e3d2-4d0d-becd-2cf6127604d6', '106c1227-7b00-4099-96b2-ce6399c9f8f3'),
('61eae1b3-e3d2-4d0d-becd-2cf6127604d6', '4b68abef-6f46-4f60-b987-7d16a2657a75'),
('8cdb6d55-e7bc-4e50-84bf-df7ea27ccfed', '8bcffd29-5548-496a-a37c-39f82a49ac5b'),
('8cdb6d55-e7bc-4e50-84bf-df7ea27ccfed', '2a6fe858-74e1-4c56-8ea6-ba44fdb75738'),
('8cdb6d55-e7bc-4e50-84bf-df7ea27ccfed', 'd5aeb44a-790d-4660-b517-3d7e2375d59b'),
('8cdb6d55-e7bc-4e50-84bf-df7ea27ccfed', 'a793888c-8e7c-4d55-82ea-5396abb8d285'),
('8cdb6d55-e7bc-4e50-84bf-df7ea27ccfed', '951cea10-6db3-417d-9f27-f39aa0ec03e3'),
('8cdb6d55-e7bc-4e50-84bf-df7ea27ccfed', '051bf834-2ea1-41a8-9dd2-8d9d54f482b9'),
('8cdb6d55-e7bc-4e50-84bf-df7ea27ccfed', 'f4614aa5-ccc7-49f6-9dab-221992e37ac5'),
('8cdb6d55-e7bc-4e50-84bf-df7ea27ccfed', 'e1426d16-4fae-4453-8aef-59adcf979137'),
('8cdb6d55-e7bc-4e50-84bf-df7ea27ccfed', '3ff41179-5158-450f-976e-7757efaa388b'),
('8cdb6d55-e7bc-4e50-84bf-df7ea27ccfed', '65307092-484c-4313-bbc1-a60913b8da87'),
('8cdb6d55-e7bc-4e50-84bf-df7ea27ccfed', '013dfe64-5202-4229-945c-072c0e9f60fc'),
('8cdb6d55-e7bc-4e50-84bf-df7ea27ccfed', 'fb3cecef-2596-4c4f-8739-394775b3092a'),
('8cdb6d55-e7bc-4e50-84bf-df7ea27ccfed', '89059697-8bbb-4b09-8369-6e40f7231884'),
('8cdb6d55-e7bc-4e50-84bf-df7ea27ccfed', 'e763c997-d5ff-4347-ad03-3f3cce0a6d2a'),
('8cdb6d55-e7bc-4e50-84bf-df7ea27ccfed', 'd5e35e8d-3c6d-4ad3-bc69-df9a42c258cf'),
('8cdb6d55-e7bc-4e50-84bf-df7ea27ccfed', 'd992bfb4-4523-4b74-932f-4f100c7ef1a3'),
('8cdb6d55-e7bc-4e50-84bf-df7ea27ccfed', 'af2e2ba2-fd78-4ff9-af4f-5aaf1374ddc8'),
('8cdb6d55-e7bc-4e50-84bf-df7ea27ccfed', '87afc22e-1581-4d70-a1a8-3e995e9b50e0'),
('8cdb6d55-e7bc-4e50-84bf-df7ea27ccfed', '2863a692-b947-40fc-8c8d-8f11871b55d4'),
('8cdb6d55-e7bc-4e50-84bf-df7ea27ccfed', '40a832d2-db02-4904-a69b-02688c49dde4'),
('3a9f3bd7-1058-4a18-b07d-2fab06225506', '8840315c-b917-43ea-9ce6-88fbc939a194'),
('3a9f3bd7-1058-4a18-b07d-2fab06225506', '85eb2553-024a-4520-9bd5-2ed186aee748'),
('3a9f3bd7-1058-4a18-b07d-2fab06225506', '3bb798b4-e78e-4350-9564-c806caaa1255'),
('3a9f3bd7-1058-4a18-b07d-2fab06225506', '870c6720-5c08-4ed1-80e0-9a413f299804'),
('3a9f3bd7-1058-4a18-b07d-2fab06225506', '5047ee27-757b-48b2-bf8e-f9c86b7ac099'),
('3a9f3bd7-1058-4a18-b07d-2fab06225506', '329f4daf-0bf9-4920-936d-c003caac6a16'),
('3a9f3bd7-1058-4a18-b07d-2fab06225506', '47bb830c-997d-4cd0-85b7-a7616b0de3ea'),
('3a9f3bd7-1058-4a18-b07d-2fab06225506', '68420f4f-9c15-48f6-99ea-20e7fbcddda2'),
('3a9f3bd7-1058-4a18-b07d-2fab06225506', '43537c98-6b08-4949-9c12-6edc37652823'),
('3a9f3bd7-1058-4a18-b07d-2fab06225506', '264cffba-6761-42f4-b62e-7a6cac39c075'),
('3a9f3bd7-1058-4a18-b07d-2fab06225506', 'f4614aa5-ccc7-49f6-9dab-221992e37ac5'),
('3a9f3bd7-1058-4a18-b07d-2fab06225506', 'b2becea6-a662-4407-957d-86178e92496c'),
('3a9f3bd7-1058-4a18-b07d-2fab06225506', '269ee32c-4d4d-417b-b166-c2f2cdfbcd5a'),
('3a9f3bd7-1058-4a18-b07d-2fab06225506', 'f8d55849-791e-4689-b524-92b43858c738'),
('3a9f3bd7-1058-4a18-b07d-2fab06225506', '2f88606c-4ef0-4628-a519-867043d0cea2'),
('3a9f3bd7-1058-4a18-b07d-2fab06225506', 'e5980ccd-59e8-4297-b8ec-26c0a6c16345'),
('3a9f3bd7-1058-4a18-b07d-2fab06225506', 'abafdff3-e235-40e6-a909-455eb8b05881'),
('3a9f3bd7-1058-4a18-b07d-2fab06225506', '3a569cdf-f5a2-4aac-b16f-65b70b55fbb6'),
('3a9f3bd7-1058-4a18-b07d-2fab06225506', 'ce3ad44e-514b-4366-8473-7e2daa2678b9'),
('3a9f3bd7-1058-4a18-b07d-2fab06225506', 'ba36b051-033b-4c52-91ab-5723a8314569'),
('3a9f3bd7-1058-4a18-b07d-2fab06225506', 'd5e35e8d-3c6d-4ad3-bc69-df9a42c258cf'),
('3a9f3bd7-1058-4a18-b07d-2fab06225506', '68d11800-3305-43ba-b3bf-28d0c9b4d6d4'),
('bde0455c-deae-4ebe-896a-f72d3f2a6ad6', 'b475aad1-cc93-423c-956a-2a36fc99fb95'),
('bde0455c-deae-4ebe-896a-f72d3f2a6ad6', 'b9a45f72-feb4-4c4a-9c53-e6d8d7b77135'),
('bde0455c-deae-4ebe-896a-f72d3f2a6ad6', '8e1e276d-f000-439e-9833-ba217048a85d'),
('bde0455c-deae-4ebe-896a-f72d3f2a6ad6', '64d86a96-2f60-411d-aa1f-122e543ff99b'),
('bde0455c-deae-4ebe-896a-f72d3f2a6ad6', '6018ee16-6d05-4262-8abf-be8a4acd6d27'),
('bde0455c-deae-4ebe-896a-f72d3f2a6ad6', 'f039bf80-2340-44d1-82c5-740171f9483f'),
('bde0455c-deae-4ebe-896a-f72d3f2a6ad6', 'ee571d02-74c1-483e-9547-a081556afd66'),
('bde0455c-deae-4ebe-896a-f72d3f2a6ad6', 'e6a73029-a24c-4146-afc7-2a0d1f2227e9'),
('bde0455c-deae-4ebe-896a-f72d3f2a6ad6', '7a316d56-d4fd-499a-ae7e-818e3c99d49b'),
('bde0455c-deae-4ebe-896a-f72d3f2a6ad6', '6878120e-0add-4e54-b66c-8e9cb0b45198'),
('bde0455c-deae-4ebe-896a-f72d3f2a6ad6', '9702bb67-b525-4ebe-88ba-e5ad3588e1ec'),
('bde0455c-deae-4ebe-896a-f72d3f2a6ad6', '25495d3f-da68-4c55-accd-0a7f9e3c7b43'),
('bde0455c-deae-4ebe-896a-f72d3f2a6ad6', '89059697-8bbb-4b09-8369-6e40f7231884'),
('bde0455c-deae-4ebe-896a-f72d3f2a6ad6', 'd4ddb9df-5fb4-4bbd-84a0-f07fab9bf3f4'),
('bde0455c-deae-4ebe-896a-f72d3f2a6ad6', '0a3cdda2-e85c-4c90-aa37-f08d54a0512c'),
('bde0455c-deae-4ebe-896a-f72d3f2a6ad6', '906db4f2-6868-42b6-a6f5-f9c461661084'),
('bde0455c-deae-4ebe-896a-f72d3f2a6ad6', '008d90d1-b1b6-4b8e-9016-3ab9d74fe3b1'),
('bde0455c-deae-4ebe-896a-f72d3f2a6ad6', '3ff41179-5158-450f-976e-7757efaa388b'),
('9898a615-6f17-4e25-8d4f-62c9ffb8d5eb', '759b4eb7-fa0f-4cd2-94fb-c4bf95f613a5'),
('9898a615-6f17-4e25-8d4f-62c9ffb8d5eb', '69927eec-a0d3-437c-89d8-a2c7570c3f11'),
('9898a615-6f17-4e25-8d4f-62c9ffb8d5eb', '277e84f4-93a0-44a8-95e6-40fb01e66dfd'),
('9898a615-6f17-4e25-8d4f-62c9ffb8d5eb', '0a8a16df-6e60-4a16-a733-25987475bca6'),
('9898a615-6f17-4e25-8d4f-62c9ffb8d5eb', '39ca6623-4e74-4191-b04e-56672cd759ea'),
('9898a615-6f17-4e25-8d4f-62c9ffb8d5eb', '4b55a958-3be1-4b02-8f47-fea60b861996'),
('9898a615-6f17-4e25-8d4f-62c9ffb8d5eb', '9e4294b1-4bb7-408c-ba39-27ca5821ac7c'),
('9898a615-6f17-4e25-8d4f-62c9ffb8d5eb', '1f1f1575-7e2c-4bcf-8965-4dbf555e8db0'),
('9898a615-6f17-4e25-8d4f-62c9ffb8d5eb', '69f91b4a-81c3-438e-8e84-5d507208b7cd'),
('9898a615-6f17-4e25-8d4f-62c9ffb8d5eb', '65307092-484c-4313-bbc1-a60913b8da87'),
('9898a615-6f17-4e25-8d4f-62c9ffb8d5eb', 'e14acd50-708a-4793-abda-f58bb54a10dd'),
('9898a615-6f17-4e25-8d4f-62c9ffb8d5eb', '4b68abef-6f46-4f60-b987-7d16a2657a75'),
('9898a615-6f17-4e25-8d4f-62c9ffb8d5eb', '555f10e8-4bfb-4fc6-82a1-e3e31c7db950'),
('9898a615-6f17-4e25-8d4f-62c9ffb8d5eb', '8840315c-b917-43ea-9ce6-88fbc939a194'),
('9898a615-6f17-4e25-8d4f-62c9ffb8d5eb', 'be148ce6-e2ca-40ad-ae25-9b2dbd09505d'),
('9898a615-6f17-4e25-8d4f-62c9ffb8d5eb', '501091a5-5379-4643-b7f5-ee99b5c01f91'),
('9898a615-6f17-4e25-8d4f-62c9ffb8d5eb', '36f29515-c131-4108-bd3d-afcc37a3191f'),
('9898a615-6f17-4e25-8d4f-62c9ffb8d5eb', '3be4b947-a978-47bc-96a6-ab69fe646d3f'),
('9898a615-6f17-4e25-8d4f-62c9ffb8d5eb', 'f6c55cd3-bd80-42d6-b5e5-9cbdf6c8d030'),
('9898a615-6f17-4e25-8d4f-62c9ffb8d5eb', 'ee571d02-74c1-483e-9547-a081556afd66'),
('9898a615-6f17-4e25-8d4f-62c9ffb8d5eb', 'b1e34390-221d-4e21-a744-e2315adc357e');
