-- Fichier généré automatiquement

INSERT INTO pays (Code_pays, Nom_pays) VALUES
('FRA', 'France'),
('USA', 'Etats-Unis'),
('GBR', 'Royaume-Uni'),
('JPN', 'Japon'),
('CAN', 'Canada');

INSERT INTO Aéroport (ICAO, IATA_aéroport, Ville, Code_pays) VALUES
('LFPG', 'CDG', 'Paris', 'FRA'),
('LFPO', 'ORY', 'Paris', 'FRA'),
('KJFK', 'JFK', 'New York', 'USA'),
('KLAX', 'LAX', 'Los Angeles', 'USA'),
('EGLL', 'LHR', 'Londres', 'GBR'),
('RJTT', 'HND', 'Tokyo', 'JPN');

INSERT INTO Compagnie_aérienne (IATA_compagnie, Nom, Date_création, Code_pays) VALUES
('AF', 'Air France', '1933-10-07', 'FRA'),
('AA', 'American Airlines', '1926-04-15', 'USA'),
('BA', 'British Airways', '1974-03-31', 'GBR');

INSERT INTO Avion (ID_avion, Code_avion, IATA_compagnie, Code_pays) VALUES
('ID-AV1', 'A331', 'AA', 'USA'),
('ID-AV2', 'A348', 'AF', 'FRA'),
('ID-AV3', 'A344', 'BA', 'GBR'),
('ID-AV4', 'A337', 'AF', 'FRA'),
('ID-AV5', 'A333', 'AA', 'USA'),
('ID-AV6', 'A345', 'AA', 'USA'),
('ID-AV7', 'A336', 'AA', 'USA'),
('ID-AV8', 'A343', 'AF', 'FRA'),
('ID-AV9', 'A341', 'AA', 'USA'),
('ID-AV10', 'A340', 'AF', 'FRA');

INSERT INTO Employer (UUID_employer, Nom, Prénom, Date_naissance, Date_embauche, Role_employer, Code_pays, IATA_compagnie) VALUES
('b9e0f89a-ac96-4cbe-a2c6-b722f148fe9a', 'Tremblay', 'Jean', '1993-01-16', '2014-02-17', 'Copilote', 'GBR', 'BA'),
('8b16a4b4-0512-4fab-b814-d917e1c02963', 'Dupont', 'Kenji', '1979-01-12', '2017-03-10', 'Copilote', 'FRA', 'AF'),
('60d38fe9-2cda-4871-ad1d-b36dcb727793', 'Roux', 'John', '1970-07-15', '2014-04-13', 'Copilote', 'GBR', 'BA'),
('31a2ba51-5ef3-4a55-b8a2-e4e30a291b74', 'Smith', 'Hugo', '1982-03-17', '2013-08-16', 'Copilote', 'FRA', 'AF'),
('ca46b786-e585-484c-ac83-0dc373a789af', 'Garcia', 'Jean', '1994-07-12', '2011-05-17', 'Pilote', 'USA', 'AA'),
('cf8473d7-cd11-4300-89be-5c70c3f1959b', 'Dupont', 'Hugo', '1984-04-15', '2016-04-10', 'Hôtesse', 'FRA', 'AF'),
('51f9e708-c338-4ddd-8f4b-f086fd97ec25', 'Martin', 'Marie', '1990-04-18', '2019-09-15', 'Hôtesse', 'USA', 'AA'),
('0ba9f088-c0b9-4aae-816e-e3d7c3f86617', 'Smith', 'Yui', '1983-02-12', '2018-03-15', 'Hôtesse', 'USA', 'AA'),
('304500e7-1b86-4cec-919b-b182d51f67a7', 'Dupont', 'Marie', '1986-08-13', '2014-08-11', 'Hôtesse', 'FRA', 'AF'),
('298f5903-4d7f-4e46-a889-a2b60df830cf', 'Martin', 'Marie', '1976-09-13', '2016-06-18', 'Steward', 'FRA', 'AF'),
('3a416762-5d0b-4bc8-b670-2df41a84f0c9', 'Tremblay', 'Jean', '1982-06-15', '2019-06-12', 'Cdb', 'GBR', 'BA'),
('6b17894e-ce01-4309-aa8e-1bc9702836d9', 'Johnson', 'Yui', '1983-02-14', '2016-09-17', 'Cdb', 'USA', 'AA'),
('4afb08d6-8dce-4eb3-abae-49aed530fcaf', 'Watanabe', 'Emma', '1995-04-11', '2018-03-14', 'Steward', 'FRA', 'AF'),
('6eea4000-d06c-4666-b3f5-af1266f23594', 'Roux', 'John', '1973-06-15', '2016-01-11', 'Pilote', 'FRA', 'AF'),
('a85e83e3-54e7-4622-adeb-a3390ad23c9d', 'Martin', 'Sophie', '1974-06-10', '2012-03-15', 'Pilote', 'FRA', 'AF'),
('1a2de803-ce5c-45c0-b842-cc15a2d29c11', 'Tremblay', 'Marie', '1988-04-19', '2019-03-14', 'Hôtesse', 'USA', 'AA'),
('4e8a0097-3575-4623-825d-a6756fcfec89', 'Tremblay', 'Marie', '1992-06-16', '2019-05-13', 'Pilote', 'GBR', 'BA'),
('f2fba7c9-c707-45a9-a1c2-d633c6ef1925', 'Johnson', 'Marie', '1987-01-11', '2015-02-19', 'Steward', 'USA', 'AA'),
('573c2fdf-469d-47f8-adb2-6991645e0126', 'Garcia', 'Léa', '1999-09-14', '2017-05-18', 'Hôtesse', 'FRA', 'AF'),
('b277e89d-488c-44da-8c97-2d99cd4a5518', 'Smith', 'Hugo', '1986-03-10', '2018-06-16', 'Hôtesse', 'GBR', 'BA'),
('bfe415fb-9379-41e0-b725-4610089e3ae9', 'Dupont', 'Emma', '1973-05-16', '2010-06-15', 'Pilote', 'GBR', 'BA'),
('c679e21a-85a0-428f-bdc8-3cbf03fa06eb', 'Johnson', 'Hugo', '1981-03-11', '2015-06-11', 'Copilote', 'FRA', 'AF'),
('6202de8b-c400-44fd-b5c2-4ba86a1f09aa', 'Smith', 'Emma', '1979-01-19', '2016-06-16', 'Pilote', 'GBR', 'BA'),
('fe046e48-82fc-47af-8bab-2991205822f2', 'Dupont', 'Sophie', '1971-09-15', '2010-01-16', 'Hôtesse', 'FRA', 'AF'),
('4c433026-8964-4e44-9021-fab39f05239b', 'Dupont', 'Emma', '1993-05-17', '2012-02-19', 'Pilote', 'GBR', 'BA'),
('432f6b7f-7d84-4651-8f11-b6884837ba5e', 'Petit', 'Jean', '1992-02-14', '2011-06-18', 'Pilote', 'USA', 'AA'),
('39c81c45-054f-43dc-9a7f-b670ff7d9fb8', 'Garcia', 'John', '1985-08-17', '2019-08-18', 'Copilote', 'FRA', 'AF'),
('f9218e51-c1e8-4189-b6a7-d4614c6bb109', 'Roux', 'Luc', '1988-07-13', '2011-05-17', 'Cdb', 'GBR', 'BA'),
('f396a783-d12d-4d08-bc0e-bc13ba8de7f0', 'Roux', 'Luc', '1974-01-18', '2016-02-19', 'Pilote', 'FRA', 'AF'),
('e9458616-c6df-418b-9175-7ed01789bd9e', 'Smith', 'John', '1973-01-12', '2012-06-15', 'Steward', 'GBR', 'BA'),
('ac2ab21e-5526-43a8-b561-7c6b61a9e76a', 'Roux', 'Kenji', '1972-09-17', '2015-07-19', 'Pilote', 'FRA', 'AF'),
('a1f57046-d753-49fd-ac59-02ccc405a2fe', 'Petit', 'Jean', '1980-01-16', '2013-03-12', 'Hôtesse', 'GBR', 'BA'),
('a1fd1ab2-5d70-4f35-9239-f0203523038e', 'Martin', 'Marie', '1977-04-12', '2012-02-15', 'Steward', 'FRA', 'AF'),
('bac4be62-235e-4a89-aa02-59b23bf17cff', 'Tremblay', 'Hugo', '1993-01-13', '2016-05-13', 'Cdb', 'USA', 'AA'),
('088cc4ea-b417-45e4-9dc4-7102015b2b99', 'Gagnon', 'Kenji', '1975-08-14', '2019-03-19', 'Pilote', 'USA', 'AA'),
('dbb949e7-7e49-4dd1-8931-ed6b960d957a', 'Johnson', 'John', '1985-01-10', '2013-09-11', 'Cdb', 'FRA', 'AF'),
('0176a6d6-a6b9-4c6d-aa0e-2518941f6a57', 'Johnson', 'Léa', '1979-04-11', '2013-07-10', 'Pilote', 'GBR', 'BA'),
('fd37f3e3-e40f-4a21-8b60-2ae68bc82ed4', 'Smith', 'Léa', '1986-03-11', '2015-05-10', 'Steward', 'GBR', 'BA'),
('8af997fe-f680-4240-8033-86b347b7ccf8', 'Smith', 'Luc', '1999-08-16', '2015-05-19', 'Copilote', 'GBR', 'BA'),
('2960e91f-643f-4fd5-a57d-fb61f881012a', 'Martin', 'Luc', '1970-02-10', '2010-01-11', 'Cdb', 'FRA', 'AF'),
('63c3d46f-b7cf-4a58-b6f5-a636d1d42b51', 'Watanabe', 'Sophie', '1983-08-19', '2018-09-11', 'Pilote', 'GBR', 'BA'),
('6984dcc2-e45b-4988-ae39-fe5edb6f7a08', 'Martin', 'Sophie', '1992-06-13', '2017-01-19', 'Steward', 'FRA', 'AF'),
('25241152-2152-45b5-9464-b93d548c6c81', 'Watanabe', 'Yui', '1983-08-18', '2012-02-15', 'Copilote', 'USA', 'AA'),
('16e32150-88c4-4700-a804-62273fa7ca0a', 'Watanabe', 'Léa', '1979-04-19', '2012-08-14', 'Steward', 'USA', 'AA'),
('20f37dab-8d4e-42db-af76-028bb02e1c20', 'Petit', 'Emma', '1981-01-13', '2018-02-16', 'Cdb', 'GBR', 'BA'),
('dce4ac9c-8974-4f6a-85b0-550931f3025c', 'Martin', 'Marie', '1973-05-19', '2011-02-18', 'Cdb', 'USA', 'AA'),
('3cc338c0-97a2-4f59-a746-222c417d4bf8', 'Martin', 'Kenji', '1973-02-19', '2010-08-12', 'Steward', 'GBR', 'BA'),
('2ff6708b-3b8b-4aa1-bba2-16a1e7beddd2', 'Martin', 'John', '1974-01-19', '2014-01-18', 'Hôtesse', 'FRA', 'AF'),
('864fa84f-2f64-4bea-9415-f249629cf53e', 'Smith', 'Hugo', '1992-05-16', '2012-02-13', 'Copilote', 'FRA', 'AF'),
('94748b54-5efb-4038-acf8-d429a53827ec', 'Smith', 'Luc', '1971-03-13', '2019-05-14', 'Hôtesse', 'USA', 'AA');

INSERT INTO Voyageur (UUID_voyageur, Nom, Prénom, Date_naissance, Interdit_de_vol, Code_pays) VALUES
('bad5abfc-61ff-470f-a29b-49c925a69008', 'Garcia', 'Sophie', '1957-02-14', 0, 'USA'),
('7bb832fa-ee2b-498d-8609-20ff464219ea', 'Johnson', 'Jean', '1999-08-12', 0, 'GBR'),
('3839fa5e-6397-4899-9ec3-c31b5767b599', 'Roux', 'Yui', '1956-03-12', 0, 'JPN'),
('18d9b19f-4635-43ec-a647-dd05e560b07b', 'Watanabe', 'Kenji', '1965-04-10', 0, 'CAN'),
('08b3c1d6-db52-416f-88ec-49a40dbdb0c6', 'Dupont', 'Hugo', '1990-03-15', 0, 'FRA'),
('805e331c-b55a-42da-81bd-d989d34f3000', 'Johnson', 'Marie', '1962-08-18', 0, 'CAN'),
('69eff17e-c4f1-42ac-8463-ada77431c943', 'Roux', 'Luc', '1992-07-12', 0, 'USA'),
('42792110-2d4f-4953-9d77-282b1bee4445', 'Johnson', 'Luc', '1969-07-16', 0, 'CAN'),
('2d83a993-ad41-4ed0-bcf8-794559c02faa', 'Gagnon', 'Sophie', '2009-06-11', 0, 'USA'),
('32ea85b0-55a8-47f5-9c91-4ff208e096c0', 'Smith', 'Sophie', '1978-08-11', 0, 'JPN'),
('eb4ea161-d340-4131-be8a-43a1275b1009', 'Petit', 'Hugo', '1992-07-15', 0, 'USA'),
('530da38e-a7ef-4b36-99b0-6cedb0229b09', 'Garcia', 'Hugo', '1983-05-19', 0, 'USA'),
('1a782383-eb2e-475e-b4b7-1d3cc3c74ffe', 'Martin', 'Yui', '1957-06-15', 0, 'JPN'),
('950b390d-8b85-4d28-b544-a248c3cccd5a', 'Dupont', 'Jean', '2000-01-15', 0, 'FRA'),
('e222e849-35ca-4be2-8850-0c1f6a68db2a', 'Martin', 'Marie', '2002-07-15', 0, 'FRA'),
('7986232c-4f5d-4a31-85a0-e4aba8efc189', 'Petit', 'Sophie', '1962-05-19', 0, 'GBR'),
('79e5796a-58a1-4350-a358-287b855d44da', 'Garcia', 'Kenji', '2005-05-12', 0, 'GBR'),
('2967b974-98b5-4f49-bf37-f5e7dba30973', 'Johnson', 'Kenji', '1962-08-16', 0, 'USA'),
('60a46bf5-05bf-4f43-9d84-e69c74417d78', 'Johnson', 'Marie', '1999-04-18', 0, 'CAN'),
('5350640c-984e-480e-b653-dedc268636c0', 'Martin', 'Jean', '1984-08-13', 0, 'GBR'),
('659eef61-7093-4fc6-8dd5-f072aa476b39', 'Gagnon', 'Jean', '1956-05-10', 0, 'GBR'),
('fe2cda9b-fa05-45c6-aad1-10e0a7ffca0a', 'Martin', 'Emma', '1965-03-15', 0, 'GBR'),
('be7a02de-e4ac-4853-ba3b-013e081db6d6', 'Johnson', 'Hugo', '1987-09-15', 0, 'FRA'),
('b8110ac2-59e7-4262-aa15-e615f17c463f', 'Smith', 'Sophie', '1978-06-16', 0, 'JPN'),
('ab6ec8c9-1bad-4b20-bf96-d1dd73c8d14b', 'Roux', 'Luc', '1957-06-13', 0, 'JPN'),
('7b7bf2a5-26f5-4d1a-a22d-22620f8ce2e6', 'Tremblay', 'Kenji', '1986-09-15', 0, 'JPN'),
('79053a52-62fd-43f0-ba8e-4c780c18bb2e', 'Johnson', 'Marie', '2007-03-17', 0, 'CAN'),
('ab76e448-b571-41ad-a8ac-66d9ed6a5ac1', 'Petit', 'Marie', '1995-09-14', 0, 'JPN'),
('47f004b0-090c-49ef-833f-9187e3137756', 'Dupont', 'John', '1981-03-14', 0, 'FRA'),
('0e4372a6-d2fb-4466-8a62-87cce2170e1c', 'Roux', 'Hugo', '1970-02-13', 0, 'FRA'),
('889dc3d2-b0e5-4fa0-8281-d63e8372aacc', 'Petit', 'Léa', '1971-07-15', 0, 'CAN'),
('b3664d9b-c787-43f3-9aad-6a1658611dfb', 'Petit', 'Sophie', '1962-09-19', 0, 'CAN'),
('1214f174-5b73-426e-aa5b-bb48586e0560', 'Watanabe', 'Luc', '1954-01-10', 0, 'GBR'),
('957d1ba4-ff5b-43db-977d-f3116e6da84f', 'Roux', 'Jean', '1979-09-12', 0, 'FRA'),
('0309e468-63ab-4402-8a35-604492fa7812', 'Martin', 'Marie', '2010-04-16', 0, 'CAN'),
('3fcf3329-66c9-422a-a544-1c09a67acf20', 'Watanabe', 'Léa', '2006-04-12', 0, 'GBR'),
('f9207d98-219e-42ae-ae5d-6b0909719b93', 'Petit', 'Kenji', '1983-08-13', 0, 'USA'),
('3dca7688-ae50-4e30-979a-27e13615bd8c', 'Petit', 'Léa', '1966-01-18', 0, 'GBR'),
('8041c221-4004-4a4e-a37f-429e0fe51806', 'Martin', 'Sophie', '1968-06-19', 0, 'USA'),
('e38981cb-0e3d-4c35-a544-71ea44ac3331', 'Smith', 'Emma', '1955-02-13', 0, 'CAN'),
('de220c58-b400-4b12-ac8b-484a39e9cf54', 'Dupont', 'John', '1987-02-13', 0, 'CAN'),
('fe0da9c3-3bce-4a9a-8a58-3a8c539f32bc', 'Dupont', 'Emma', '1982-08-10', 0, 'FRA'),
('a3e251aa-7121-400b-97db-2a82bb1384ac', 'Dupont', 'Kenji', '1994-07-13', 0, 'JPN'),
('0f59d242-bd65-409d-9601-91d31f2a04c6', 'Dupont', 'Emma', '2009-06-14', 0, 'FRA'),
('39de4a4c-cd0c-4bf4-b074-8222fa3072af', 'Gagnon', 'John', '1985-02-17', 0, 'CAN'),
('31944ec7-c8aa-4f39-b68b-3a5e08cac528', 'Roux', 'Marie', '1969-02-11', 0, 'JPN'),
('89fda785-3dcb-482f-b547-0663aedf3909', 'Gagnon', 'Marie', '1998-01-19', 0, 'JPN'),
('6eb877d4-8635-4a49-8abe-8bb15b9d383e', 'Dupont', 'Yui', '2009-06-16', 0, 'USA'),
('b5775e66-6a2d-4b5c-be34-27e0b71b2eb8', 'Petit', 'Yui', '1955-08-12', 0, 'FRA'),
('e5f8e8ca-09fd-40eb-98ad-5b5c93719a4b', 'Garcia', 'Emma', '1979-07-12', 0, 'FRA'),
('f2b0e2b1-2b77-4d1c-bdf5-a78d9a2e66ca', 'Garcia', 'Hugo', '2001-04-16', 0, 'USA'),
('6e923c7e-bae2-4074-af91-eabf8d818271', 'Smith', 'Luc', '1954-08-16', 0, 'CAN'),
('66bc2db0-6e12-4744-bc3c-a921d5a94684', 'Garcia', 'Kenji', '1984-08-13', 0, 'CAN'),
('47318ecd-4caa-4918-a0ed-cc2bdae332b0', 'Martin', 'Hugo', '1993-08-12', 0, 'JPN'),
('55cd4819-2988-42f5-9148-ceb9d88767d2', 'Gagnon', 'Emma', '1962-06-10', 0, 'JPN'),
('a692310f-bedf-4d97-ac5a-e5416fed4b80', 'Watanabe', 'Hugo', '1982-03-17', 0, 'GBR'),
('e49ae8b4-c1ab-4a30-919e-080b66071dd2', 'Johnson', 'Léa', '1952-04-14', 0, 'GBR'),
('e56855b2-6ebc-47f0-aa51-e307d8b15249', 'Tremblay', 'Yui', '2010-05-12', 0, 'CAN'),
('3b838edf-648a-4051-859d-3d186fbc8fd0', 'Petit', 'Kenji', '1963-04-13', 0, 'FRA'),
('794ecb2e-264d-482e-80cd-04b80188f647', 'Martin', 'Emma', '1971-08-16', 0, 'USA'),
('9dbb2fb9-c779-41c5-8c61-62f72362417a', 'Gagnon', 'Marie', '1962-05-14', 0, 'JPN'),
('4831a921-2355-4463-a3a3-cc7a3c0e1e37', 'Garcia', 'Hugo', '1979-05-15', 0, 'GBR'),
('beebb008-4e57-4f5f-a91e-92cd893d7c71', 'Garcia', 'Hugo', '1983-09-17', 1, 'USA'),
('664dca1e-a99d-4196-ae09-a6c2ac64f0a7', 'Martin', 'Hugo', '1962-02-15', 0, 'GBR'),
('70de8e5a-74cb-4ae7-babf-41fd4cfff54e', 'Johnson', 'Kenji', '1985-09-14', 0, 'GBR'),
('712c7a7a-f474-4af3-9e11-a9514e0fc1cc', 'Martin', 'Marie', '1997-01-16', 0, 'JPN'),
('67f5a983-9a03-4a4e-88f5-35e77b85dee3', 'Watanabe', 'Yui', '1997-08-16', 0, 'FRA'),
('7096d7d1-06b9-4a1e-b944-70203bcc2d2b', 'Gagnon', 'Emma', '1960-05-11', 0, 'CAN'),
('51bf7186-a118-4cfb-ba86-5c78e36f5fff', 'Watanabe', 'Hugo', '1993-05-10', 0, 'GBR'),
('93155c5e-1775-44ab-8639-92d17dd7bbc1', 'Smith', 'Luc', '1998-05-14', 1, 'JPN'),
('4f1f1f15-218e-41b9-80c8-d04f68076836', 'Petit', 'Jean', '1951-05-18', 0, 'FRA'),
('b3defee7-2a8b-4244-9e3e-0fd6c0f17fb8', 'Dupont', 'Léa', '1977-09-11', 0, 'JPN'),
('5e0cfa85-76c5-43fc-87ae-f6ab62e636ce', 'Martin', 'Yui', '1997-07-18', 0, 'GBR'),
('eaf2b3da-2e89-4bdb-85a0-a7801bbf30e0', 'Gagnon', 'Yui', '1950-06-11', 0, 'CAN'),
('54c2c15a-b790-477e-ad52-4b11f8f2d61e', 'Garcia', 'Sophie', '1956-09-14', 0, 'FRA'),
('5cda3f4e-bcab-47f3-babc-03c9d9e6015a', 'Gagnon', 'Marie', '1980-07-19', 0, 'USA'),
('7698f655-6645-4b42-940a-7dea5b8885a0', 'Watanabe', 'Jean', '1985-01-10', 0, 'USA'),
('319e3f31-3b4f-4c4d-9d64-5b31241abac1', 'Roux', 'Hugo', '1975-08-19', 0, 'JPN'),
('e4bd67cd-3244-4e9d-8c02-57cd5956e633', 'Johnson', 'John', '1979-02-15', 0, 'JPN'),
('600fe7ff-a495-46a3-9881-0abbe0b19738', 'Dupont', 'Léa', '2008-04-17', 0, 'CAN'),
('7b4fc2d0-20ee-4c9b-9feb-651a70362a8d', 'Roux', 'Marie', '1983-09-18', 0, 'CAN'),
('5644c0c0-38af-462b-94d1-fadfd16cecc6', 'Watanabe', 'Hugo', '1971-04-12', 0, 'FRA'),
('7da30180-4b41-4a7d-b65e-d705bd461b69', 'Martin', 'Luc', '1991-08-15', 0, 'JPN'),
('ad58723b-f197-45b9-b0ea-434885ab23c9', 'Dupont', 'Jean', '1967-04-13', 0, 'GBR'),
('89faeff5-a639-423a-8b4e-496fb35f2589', 'Martin', 'John', '1994-08-18', 0, 'USA'),
('90c5628c-495e-4cf8-b2bd-8b974e99be1b', 'Martin', 'Emma', '2005-09-14', 0, 'USA'),
('0495dd81-1681-4d15-9700-a2c66eb6ad7b', 'Tremblay', 'Marie', '1959-06-10', 0, 'JPN'),
('aa2f1b3a-71a4-4010-8630-03e9efb34166', 'Gagnon', 'Marie', '1953-04-17', 0, 'USA'),
('af17e1ee-ea80-4f87-8990-090c16bb1152', 'Petit', 'Sophie', '1997-02-13', 0, 'USA'),
('ab54c8d0-3697-4425-905e-6b9601371522', 'Petit', 'Yui', '1964-08-14', 0, 'GBR'),
('5b3ea463-4888-4d63-8386-da187c0b9c85', 'Martin', 'Emma', '1992-07-19', 0, 'GBR'),
('d1aba250-b249-42ca-90f9-fccac5aa6cd9', 'Petit', 'Jean', '1972-05-13', 0, 'CAN'),
('35a786d3-8b1b-40e4-b9eb-e5103e3ba222', 'Martin', 'Hugo', '1974-01-11', 0, 'FRA'),
('3a852049-746e-4622-a4ef-7273db2b675d', 'Smith', 'Luc', '1968-06-19', 0, 'GBR'),
('7c2d6b71-9c27-4fc0-8314-13584cffbf6f', 'Tremblay', 'Marie', '2007-04-16', 0, 'GBR'),
('dcc2c874-919e-457b-bd6d-5e035afea092', 'Johnson', 'Sophie', '1962-02-10', 0, 'JPN'),
('c78f3563-439d-4178-8573-ae0b8e52e4d3', 'Roux', 'Kenji', '2009-09-19', 0, 'USA'),
('357882b8-1236-4151-a817-b48db052c379', 'Garcia', 'Emma', '1998-04-12', 0, 'JPN'),
('1cbf899e-fc92-4ac4-acc9-9c7422cba180', 'Martin', 'Marie', '1963-08-10', 0, 'FRA'),
('a181456c-bde8-444a-990c-cd751e881a85', 'Gagnon', 'Kenji', '1971-08-15', 0, 'JPN'),
('5343fe7c-e1ca-4934-a0ab-d3e3c57a3420', 'Tremblay', 'Léa', '1986-07-13', 0, 'FRA'),
('25c307a1-b060-4532-8b04-77c6e2272a51', 'Roux', 'Emma', '1967-06-19', 0, 'JPN'),
('a8b6fd5d-f3a4-49ac-9b84-d42b919a2261', 'Tremblay', 'Marie', '1986-07-19', 0, 'CAN'),
('5e0e915e-9387-485d-b6db-2f8ab855e533', 'Smith', 'Emma', '1961-08-18', 0, 'CAN'),
('12e80cc7-e5a5-4484-b0a1-ed5369951328', 'Smith', 'Léa', '2008-08-14', 0, 'GBR'),
('9de21e2d-444c-453a-93d4-d91860caac27', 'Gagnon', 'Hugo', '1997-04-19', 0, 'FRA'),
('7acbf6d4-bd1d-4a15-85c2-cc15fb93c52c', 'Watanabe', 'Hugo', '2006-05-16', 1, 'USA'),
('1aa1869e-b904-471f-a7dd-d3e88396e9f1', 'Petit', 'Kenji', '1982-08-17', 0, 'USA'),
('1d80e41c-051c-40f6-851d-8549692459aa', 'Gagnon', 'Jean', '1977-08-15', 0, 'CAN'),
('7effa4c5-1c31-415e-8530-a96b2e33ab27', 'Garcia', 'Sophie', '1979-05-12', 0, 'FRA'),
('f63ce6ce-b827-473a-afe6-6d6fdb59371b', 'Martin', 'Emma', '2010-08-15', 0, 'CAN'),
('f91612d4-0569-4b63-b436-f77660ee38ae', 'Dupont', 'Hugo', '2005-04-14', 0, 'FRA'),
('b1ebe410-7ab4-412f-9f3e-2029ed433b19', 'Garcia', 'John', '1956-02-13', 0, 'FRA'),
('543ad5fd-0d73-4320-b8ed-8974735a3bd0', 'Roux', 'Emma', '1969-09-13', 0, 'CAN'),
('0a419e7b-7546-4310-9c0d-f9c1e6e9b429', 'Petit', 'Luc', '1965-06-16', 0, 'FRA'),
('6a33f683-a892-4112-9fe2-ec8be09c2974', 'Tremblay', 'Jean', '1962-05-11', 0, 'JPN'),
('e6a43f32-1f12-4b9c-bad9-720153297a84', 'Garcia', 'Emma', '1958-04-16', 0, 'GBR'),
('f9920b65-da53-4755-8597-5a7157a34177', 'Smith', 'Yui', '1981-04-13', 0, 'GBR'),
('b52c3848-deda-4280-adaf-4d7af94a6ee1', 'Johnson', 'Kenji', '2008-07-11', 0, 'FRA'),
('18cfb668-9d0b-4c5a-b0ae-1dcf9e911824', 'Watanabe', 'Jean', '1952-02-16', 0, 'CAN'),
('f5526d63-116d-40ea-aafe-9db96cccdcce', 'Watanabe', 'Hugo', '1985-07-19', 0, 'CAN'),
('2f820514-9a15-4641-9b90-c702a339b550', 'Gagnon', 'Sophie', '1983-08-16', 0, 'GBR'),
('0c02438d-4df5-4dfd-87f8-511f0f6e11cc', 'Gagnon', 'Kenji', '2008-02-11', 0, 'JPN'),
('8e1ad638-8d20-4057-bd8a-2b927c8a7b72', 'Dupont', 'Emma', '1972-05-19', 0, 'CAN'),
('9e2ad8f3-037a-4766-b03a-4df341a3c840', 'Gagnon', 'Yui', '1971-05-13', 0, 'USA'),
('aaaec530-eae6-4f4d-a20a-72aedc66cd00', 'Roux', 'Marie', '2005-06-17', 0, 'JPN'),
('f61c7fd9-2d18-49c5-9ec7-e1711570009e', 'Garcia', 'Jean', '1982-06-12', 0, 'FRA'),
('ac44bb84-2398-43db-a495-598a63db8e62', 'Watanabe', 'Hugo', '1974-03-14', 0, 'USA'),
('72d5ba2e-1b98-4ab4-9a3b-5092243ed703', 'Roux', 'Luc', '1977-05-16', 0, 'FRA'),
('c7d9d9c3-f479-408e-b322-82c528175180', 'Roux', 'Marie', '2005-02-11', 0, 'USA'),
('b6a7e9e1-2daa-41a2-9ca7-986839c7b4ab', 'Dupont', 'Jean', '1982-06-10', 0, 'JPN'),
('9f7349e7-c516-4abb-8108-dd80fa037992', 'Smith', 'Hugo', '1967-09-15', 0, 'USA'),
('089784bd-9cfa-4547-91ed-7851a83f729b', 'Dupont', 'John', '2007-07-12', 0, 'GBR'),
('59cf473c-ef96-4154-999f-e33698b7ee3c', 'Garcia', 'Léa', '1995-02-16', 0, 'GBR'),
('5096b21a-0d1f-4721-b18d-c6855a3ee589', 'Smith', 'Hugo', '1996-06-17', 0, 'FRA'),
('ae0bc226-2ec0-4a42-9280-98d7207ca6b1', 'Johnson', 'Sophie', '1964-07-10', 0, 'CAN'),
('fa117322-5434-4738-bfc2-ffeef8b785df', 'Smith', 'Léa', '2001-09-11', 0, 'GBR'),
('4f929c65-ea36-48fc-9617-12bc50f984ed', 'Garcia', 'Luc', '2007-04-16', 0, 'FRA'),
('fa8960fe-0a58-4163-b224-86f66b0a9ca9', 'Smith', 'Emma', '1950-04-10', 0, 'CAN'),
('d4abf603-a085-48c3-9011-d9e3a5e82ccb', 'Roux', 'Sophie', '1966-06-13', 0, 'JPN'),
('5f7bd2c1-b42a-4e4a-ab8a-dc71c144a1af', 'Petit', 'John', '2006-06-12', 0, 'FRA'),
('254c7a15-23d8-47be-a045-7b275aafaef4', 'Smith', 'Sophie', '1954-09-13', 0, 'GBR'),
('4f967697-a9ca-42aa-8910-c8eabc36b0e5', 'Watanabe', 'Kenji', '1960-04-18', 0, 'USA'),
('2ec4c55f-b2bc-4459-9483-ce6290df6407', 'Johnson', 'John', '2006-02-16', 0, 'FRA'),
('a2434e3f-c9a7-4bc8-9151-eae177e1b679', 'Tremblay', 'Sophie', '1969-01-14', 0, 'USA'),
('c8eb9a7e-93b1-4eb9-8415-96575003d222', 'Johnson', 'Emma', '1964-05-13', 0, 'JPN'),
('6da3a7ee-804b-48b2-a8e4-dcd3c7e67156', 'Garcia', 'Luc', '1961-07-14', 0, 'GBR'),
('5601415a-7790-4aa1-8158-a8eeea1079a0', 'Gagnon', 'Sophie', '2006-02-15', 0, 'CAN'),
('4f101ab0-0bf0-4f97-88f8-da6ba71d3754', 'Dupont', 'Marie', '1986-05-10', 0, 'USA'),
('ca1955ac-7d2d-425d-ab42-3acb37b73c7a', 'Garcia', 'John', '1986-08-11', 0, 'FRA'),
('b8b1dcd3-137e-41e0-8ebe-7458e98cd15c', 'Smith', 'Luc', '2005-01-15', 0, 'FRA'),
('4712e407-09ab-45d0-a777-fd9702a2219b', 'Smith', 'Léa', '1997-05-10', 0, 'CAN'),
('55e33d01-a906-49ca-bc90-974a5e1f8dbd', 'Martin', 'John', '2007-03-16', 0, 'GBR'),
('6c97094f-6f33-4aee-a6d8-0fc29aeab124', 'Roux', 'Léa', '1950-05-13', 0, 'FRA'),
('9ccf56d0-1a45-43fd-bf07-3bbc73f06446', 'Dupont', 'Sophie', '1968-07-16', 0, 'JPN'),
('f3fea42d-2b69-493f-b7cf-9fcca34747b3', 'Dupont', 'Léa', '2001-01-16', 0, 'USA'),
('04fa37c9-eb01-4437-bdf7-9249bf995938', 'Garcia', 'John', '1972-05-11', 0, 'FRA'),
('f4fcaeb4-dfd5-468f-8f4d-c2d485c6658e', 'Martin', 'Jean', '1983-04-16', 0, 'USA'),
('1f871d50-9177-4fef-9637-bd8036218cd6', 'Roux', 'Marie', '2001-06-19', 0, 'JPN'),
('8bf4a58c-2088-4d2e-88cc-afa5f14ac71d', 'Roux', 'Sophie', '1965-04-17', 0, 'FRA'),
('0030a3da-1040-48eb-9c56-69a4b7571757', 'Dupont', 'Emma', '2006-06-16', 0, 'FRA'),
('26339ffb-a9f7-47d2-883c-e61b24fbb546', 'Gagnon', 'Luc', '1967-04-17', 0, 'JPN'),
('bcaa621a-c46d-4258-ab6c-e6cf1449acae', 'Martin', 'Emma', '1973-08-16', 0, 'USA'),
('7b6c2e31-61cb-4dc9-9298-9ee35f7f8d5c', 'Watanabe', 'Hugo', '1985-04-14', 0, 'FRA'),
('cf6aef64-7c60-4d2b-994d-420a6f0d11ba', 'Watanabe', 'Luc', '1991-04-14', 0, 'USA'),
('3fafc66b-f677-4707-8750-dddde83ffd6d', 'Smith', 'Léa', '1991-01-13', 0, 'JPN'),
('0866335f-9e54-444d-ab3d-5a702ebe691b', 'Watanabe', 'Jean', '1960-04-12', 0, 'CAN'),
('c5f6bef7-e0cb-4946-aa99-5bf2712ebc6d', 'Garcia', 'Luc', '1998-04-11', 0, 'JPN'),
('46d4d88f-ef2b-4b0f-a1b7-76435871d112', 'Gagnon', 'Hugo', '1991-02-11', 0, 'JPN'),
('426a77bf-abfa-4938-b284-8f68b6ea8fb7', 'Gagnon', 'John', '2007-09-19', 0, 'CAN'),
('35353295-d304-4dba-837a-ffa590d931c5', 'Dupont', 'Emma', '2004-06-12', 0, 'JPN'),
('6255476c-a8e2-4da1-9de6-cf3e60e7fd8c', 'Petit', 'Emma', '1981-02-12', 0, 'CAN'),
('c9cdca8f-39dc-4dac-8ac1-d1e99a6c0f52', 'Watanabe', 'Kenji', '2004-02-13', 0, 'USA'),
('095a4f99-7b14-44e3-ae8d-96a0fb9a7356', 'Gagnon', 'Yui', '1959-07-14', 0, 'JPN'),
('fb1c0e83-cb4c-4ba1-a99c-9fb5c1967ffb', 'Petit', 'Sophie', '1996-03-14', 0, 'GBR'),
('de69b110-3623-417d-b678-cfa63e5fc43a', 'Dupont', 'Jean', '1976-07-11', 0, 'JPN'),
('9519a4ea-87dd-4dcd-bb82-3f6167a8e3a4', 'Watanabe', 'Luc', '1987-08-10', 0, 'FRA'),
('64be12e2-0d9e-4d81-86d8-94f8662d2acf', 'Garcia', 'John', '2010-09-18', 0, 'CAN'),
('5974b760-9b78-4526-b884-c60910b03dd3', 'Gagnon', 'Sophie', '1984-09-12', 0, 'FRA'),
('55772d49-e0a8-4222-ae20-513c3987f5e1', 'Roux', 'Hugo', '1998-09-17', 0, 'USA'),
('4782bcb4-960c-4338-a682-b7138248d2ed', 'Garcia', 'Emma', '1988-07-18', 0, 'GBR'),
('6c02080d-a7b6-40a5-881a-3d03ce2ff4d3', 'Petit', 'Kenji', '1962-01-14', 0, 'CAN'),
('851d57a2-6f84-4eb3-ac1b-daac8079d4f0', 'Smith', 'Yui', '1959-02-14', 0, 'GBR'),
('28cf9d11-8562-481c-9bc7-d773e199a00d', 'Tremblay', 'Jean', '1984-06-14', 0, 'USA'),
('5ca165e4-26ce-40db-9a61-ef752dad9fc6', 'Garcia', 'Emma', '1971-05-15', 0, 'JPN'),
('1bc225e3-add9-4b62-979f-b075039f628d', 'Garcia', 'Léa', '1964-05-18', 0, 'USA'),
('6db7e5e4-8fa7-49e2-aae8-ef6d6f0a8843', 'Smith', 'Marie', '1973-05-19', 0, 'GBR'),
('3c39450f-acba-49e6-bb76-af1685409832', 'Gagnon', 'Kenji', '1958-06-13', 0, 'CAN'),
('692a8076-28d0-4399-afc4-faa8ba800c91', 'Dupont', 'Kenji', '1954-08-11', 0, 'GBR'),
('a212da22-4f39-4f4b-a2ee-86dd34676cb8', 'Johnson', 'Sophie', '1969-08-11', 0, 'JPN'),
('2f76fe16-6546-4da4-81bf-d59ef8efc7da', 'Martin', 'Hugo', '1985-01-15', 0, 'CAN'),
('cf3e32d1-a009-4384-9f00-61dcaa1806a3', 'Roux', 'Yui', '1950-05-14', 0, 'USA'),
('1671f0bd-a8eb-4f3f-8897-384499ff8c6f', 'Dupont', 'Luc', '1979-06-13', 0, 'USA'),
('3d026d45-c4c6-4425-8b14-0a32b59fe44c', 'Watanabe', 'John', '1984-03-16', 0, 'JPN'),
('a69d82d9-ce99-4b85-bae6-95ba2b1e06fd', 'Tremblay', 'Luc', '1953-06-12', 0, 'CAN'),
('bf54f25a-73cb-47e0-a7f9-d657448bc115', 'Dupont', 'Kenji', '1967-07-13', 0, 'FRA'),
('d5a2dfda-88c2-449c-8693-3feaf86049a1', 'Tremblay', 'Jean', '1951-08-15', 0, 'CAN'),
('195aa4ea-21c9-48e7-8292-b98ce8345903', 'Gagnon', 'Hugo', '1969-01-13', 0, 'CAN'),
('7b4a2462-b348-4392-a921-4ec65045ad1c', 'Petit', 'Kenji', '1991-02-19', 0, 'GBR'),
('4b25cea8-62b3-48b0-a694-badbb1689e3d', 'Petit', 'Léa', '1960-04-13', 0, 'FRA'),
('45b9e932-eca2-4eec-b85c-6289e8b60fde', 'Roux', 'Sophie', '1993-08-13', 0, 'JPN'),
('cee338ed-d439-4ee3-815a-87dfaa1c2807', 'Johnson', 'John', '2008-03-12', 0, 'USA'),
('26740f64-d6ae-44d1-bfbd-70440fb00ad3', 'Smith', 'Léa', '1971-05-14', 0, 'FRA'),
('73e43f63-e497-4f6b-b8d4-9a13c77a57fb', 'Johnson', 'Yui', '1968-09-10', 0, 'CAN'),
('047eee10-dfd4-41c2-a3ff-f01e75bec23a', 'Garcia', 'Luc', '1995-07-15', 0, 'JPN'),
('b53cd445-986b-4917-94f9-5348f0b35db6', 'Gagnon', 'Marie', '2007-02-12', 0, 'USA'),
('3e0fa38c-3fee-447e-99c1-2245bdb36b48', 'Martin', 'Hugo', '1962-04-17', 0, 'CAN'),
('68880627-1d05-452b-bf8e-1b409888f927', 'Dupont', 'Kenji', '1958-09-10', 0, 'FRA'),
('02f724c6-c777-4a10-90f9-fedeace89934', 'Smith', 'Emma', '2008-09-16', 0, 'FRA'),
('fdef0386-c9c3-4608-8013-7294863aaafd', 'Smith', 'Yui', '1963-01-17', 0, 'CAN'),
('1852a207-32ef-4f29-8ffe-ccbd867a5da4', 'Gagnon', 'Luc', '1989-05-10', 0, 'JPN'),
('aa44aed1-1bae-4a16-a79d-70e1cdd77f2a', 'Tremblay', 'Yui', '1972-05-13', 0, 'USA'),
('c40b8ed6-107a-4fca-ab30-c03d8bb360bc', 'Martin', 'Emma', '1988-09-19', 0, 'FRA'),
('350aedfa-daee-40c5-a547-6a4fa8f2ed01', 'Gagnon', 'Marie', '1986-02-15', 0, 'GBR'),
('c13e2d62-f39f-48dc-8074-9c9e8defa8b4', 'Smith', 'Jean', '1967-01-11', 0, 'JPN'),
('b16fbc34-93a0-43bc-bd2e-72c4ccf7b40f', 'Tremblay', 'Emma', '2001-08-19', 0, 'FRA'),
('9b476bdc-e2b6-4c8e-bc79-c992344a828e', 'Dupont', 'Sophie', '1965-07-17', 0, 'CAN'),
('5474556c-da45-420c-b68a-3bdfa2b554d6', 'Martin', 'Luc', '1953-05-12', 0, 'USA'),
('3825aacf-ec54-4c23-8d48-cbbafced3803', 'Roux', 'Jean', '1958-08-18', 0, 'GBR'),
('659846ed-dfdf-4b6a-9485-46139d15d737', 'Gagnon', 'Hugo', '1966-01-16', 0, 'FRA'),
('38790ad3-0bfa-4096-8cb0-42c7c6d6cb45', 'Garcia', 'John', '2007-03-16', 0, 'USA'),
('4686340c-59e3-41ed-a800-2cd22cb94370', 'Roux', 'Yui', '1962-03-16', 0, 'USA'),
('67f724d0-4d7d-4c89-b2d3-ef2f6e855859', 'Smith', 'John', '2008-09-13', 0, 'GBR'),
('d90b7562-c771-4380-b6a4-8542e52985de', 'Tremblay', 'Léa', '1951-05-19', 0, 'USA'),
('4f4c3aa8-9b26-47ee-b170-66669d148dbe', 'Dupont', 'Yui', '1994-07-12', 0, 'CAN'),
('9556c909-a66f-4a69-85f2-3cd8b62d7c3f', 'Watanabe', 'Yui', '1984-04-19', 0, 'FRA'),
('a24e1fc1-0e93-4ab6-baa4-45c3a35a978f', 'Roux', 'Jean', '1970-03-17', 0, 'USA'),
('27ed0800-b971-490c-aaed-5857b1809125', 'Smith', 'John', '1972-01-10', 0, 'CAN'),
('38af4221-ff7d-4561-a5b8-ec0eb58f9919', 'Tremblay', 'Kenji', '1980-08-11', 0, 'JPN'),
('c87b8ee7-ccd2-4e5f-adc6-a779f983c352', 'Smith', 'Emma', '1968-02-17', 0, 'CAN'),
('4e6fc3f5-815a-406d-893e-41cebb917666', 'Roux', 'John', '1971-01-12', 0, 'FRA'),
('85982846-90b7-41e2-bb4b-fc2cb1b396ac', 'Garcia', 'Hugo', '1984-06-12', 0, 'CAN'),
('7f5ea0ee-253f-47b4-bb78-bf86e98f246c', 'Martin', 'Marie', '2005-08-12', 0, 'GBR'),
('031b0931-8eb9-4967-a4f8-3d75bcb44d0d', 'Smith', 'Sophie', '1987-06-11', 0, 'JPN'),
('d65ab45f-5a2f-48ab-92f4-30e0c25a673d', 'Garcia', 'John', '1973-09-14', 0, 'FRA'),
('f210c79d-0c1e-4245-8519-9f229c43bc58', 'Roux', 'Kenji', '1984-03-15', 0, 'CAN'),
('3d8555a7-3f79-4f42-9dc1-a221f33e7b48', 'Martin', 'Jean', '1996-08-19', 0, 'CAN'),
('5e365409-1ab3-4d55-a1b8-cdf0c6761496', 'Tremblay', 'Hugo', '1967-02-17', 0, 'CAN'),
('e0898cf6-383f-4554-ba8e-6a4918301bbf', 'Petit', 'Léa', '1982-03-17', 0, 'USA'),
('87cfdb01-877a-4864-90e6-d8815f39d10c', 'Martin', 'Yui', '1953-07-13', 0, 'FRA'),
('903a8a58-55b4-48a7-87e1-0861e35ffd95', 'Petit', 'Léa', '1954-05-12', 0, 'CAN'),
('45a9b50f-697e-4c84-b108-9c04c9d076de', 'Tremblay', 'Yui', '1981-05-16', 0, 'FRA'),
('c35af5fd-5112-4eaa-b5a4-a4a58a7b83b0', 'Dupont', 'Kenji', '1956-07-18', 0, 'GBR'),
('f018a4dc-85fa-4033-adf8-4ad661edad9b', 'Watanabe', 'Emma', '1980-01-12', 0, 'USA'),
('49651470-7624-439b-a273-b242f3a427b7', 'Martin', 'Jean', '1964-05-16', 0, 'USA'),
('a9d37d68-b2bb-4eb6-b448-d8de26720cbd', 'Garcia', 'Kenji', '2005-06-13', 0, 'CAN'),
('10a10694-fe16-4b2a-949c-d2b701a7e9a3', 'Johnson', 'Yui', '1987-09-13', 0, 'JPN'),
('b4559ada-d401-4e99-8993-71b0b242e42b', 'Garcia', 'Kenji', '2001-06-18', 0, 'CAN'),
('c969ff7b-45f9-44de-93e6-72c414d665fc', 'Dupont', 'Kenji', '1969-09-16', 0, 'FRA'),
('1916c442-d0cf-441b-a2b4-606e51c11f87', 'Garcia', 'Yui', '1981-06-14', 0, 'CAN'),
('02d7d0e9-a33a-473d-9a7a-8db2c3d4d7dd', 'Tremblay', 'Sophie', '1951-01-11', 0, 'GBR'),
('f8f00ed7-fc1c-4831-bd22-88fc0165790a', 'Garcia', 'Emma', '1956-01-13', 0, 'FRA'),
('6f494b08-0084-43c7-9666-fbbbf4db1688', 'Gagnon', 'Emma', '1974-08-12', 0, 'JPN'),
('ae58ce18-6af6-46ae-9f30-13f2babeee11', 'Martin', 'Emma', '1990-04-17', 0, 'GBR'),
('f7128936-18d8-4a87-8bd9-73d37df4ea08', 'Roux', 'Sophie', '1950-04-13', 0, 'CAN'),
('5029d001-0327-4411-84bf-7ad71259a5d0', 'Dupont', 'Sophie', '2004-03-14', 0, 'FRA'),
('0ff5faf0-619d-44c6-995e-81865ef0d358', 'Dupont', 'Yui', '1995-06-11', 0, 'JPN'),
('64ccc3fc-5baf-4126-8b62-1e5cf25a9075', 'Martin', 'Yui', '2005-09-17', 0, 'CAN'),
('c5a39b9c-1523-4066-8896-cf20456aa7b1', 'Martin', 'Marie', '1997-06-18', 0, 'JPN'),
('f72a64c1-fbf0-4ab8-abed-c9b41dd5f977', 'Martin', 'Luc', '1998-01-10', 0, 'CAN'),
('b65bdc86-5a3f-433c-a513-933754ebeb54', 'Garcia', 'John', '2006-06-12', 0, 'CAN'),
('72868ccd-f745-450e-8b8d-d847221f7f30', 'Garcia', 'Marie', '1969-04-13', 0, 'JPN'),
('a0071620-66f0-41ba-a114-6158a523fcc9', 'Petit', 'John', '1955-06-16', 0, 'JPN'),
('0035f0ab-cb93-424a-9e75-542162969269', 'Petit', 'Léa', '2006-02-18', 0, 'CAN'),
('2b24c7cb-78a4-4705-843a-4d8397c6dbaf', 'Watanabe', 'Luc', '1955-02-16', 0, 'FRA'),
('861540f9-c708-4ae4-a36e-f10b7a2bdd3d', 'Johnson', 'Kenji', '1981-02-12', 0, 'CAN'),
('3e371253-024e-4e26-8ca2-0f70be8717c7', 'Watanabe', 'Sophie', '1971-03-13', 0, 'USA'),
('eb3204e1-6aa3-4146-a80f-296e42019b65', 'Tremblay', 'Luc', '1966-04-18', 0, 'CAN'),
('4d0f671f-e87e-4b57-b0ea-b0d6d41f81ff', 'Smith', 'Sophie', '1957-01-14', 0, 'CAN'),
('fba9e119-9804-46de-a412-cece1e08c228', 'Roux', 'Jean', '1977-07-13', 0, 'GBR'),
('4a3c0c72-67c9-4347-9377-53cce10fdbd2', 'Johnson', 'Luc', '1964-01-18', 0, 'FRA'),
('66856ccb-fe60-479a-85ba-abe9c9f6f24f', 'Dupont', 'Jean', '1990-04-19', 0, 'USA'),
('dfd0d148-341b-42cf-a02a-0853eedbe705', 'Garcia', 'Hugo', '1962-08-14', 0, 'CAN'),
('8be91abc-4d8b-40c7-afce-256ec7ffe5f0', 'Roux', 'Luc', '1972-08-17', 0, 'GBR'),
('d73495d6-6eea-473c-93c8-571697cfc0a6', 'Smith', 'Luc', '1991-09-13', 0, 'USA'),
('aa4b1b53-3953-4625-a370-e68bbeee855a', 'Petit', 'Sophie', '2003-05-18', 0, 'JPN'),
('6dbc47dd-3cf8-4a2c-84f8-d3a41440c3b3', 'Watanabe', 'Hugo', '1983-03-15', 0, 'GBR'),
('3f507772-6b3a-4ff0-b495-2a6552600517', 'Dupont', 'Kenji', '2008-09-11', 0, 'USA'),
('745377c6-0ed8-4feb-a5e9-dd809b6dde83', 'Gagnon', 'Yui', '2008-05-12', 0, 'GBR'),
('e427808c-cb63-4771-80e3-df313aab2bc7', 'Dupont', 'Emma', '2001-08-16', 0, 'GBR'),
('4702d1d2-5cad-4124-955c-409b845fd275', 'Watanabe', 'Marie', '2001-03-14', 0, 'USA'),
('b4874d98-d422-4af8-9196-2460d5beaa8f', 'Dupont', 'Léa', '1951-02-10', 0, 'GBR'),
('4ff051a3-5a5b-4855-9690-364ea2b4e2b8', 'Petit', 'Yui', '1953-09-10', 0, 'JPN'),
('19af17ba-08a8-480f-9811-1897c6bdbdb9', 'Martin', 'Luc', '1973-05-18', 0, 'CAN'),
('b2551517-7981-4d60-8d68-0464126a7d40', 'Martin', 'Hugo', '1990-01-10', 0, 'USA'),
('b61be975-e118-4fb6-9b06-737bf39b4584', 'Smith', 'Léa', '1974-07-18', 0, 'JPN'),
('c0de3818-af02-48c6-a5ff-36932b249121', 'Tremblay', 'Léa', '1966-09-15', 0, 'FRA'),
('9dace65d-73dc-4ece-9051-2b38163f0e58', 'Johnson', 'John', '1974-03-13', 0, 'JPN'),
('21e0d9f5-a923-4152-846c-9589cc97c618', 'Martin', 'Marie', '2006-08-12', 0, 'USA'),
('1bf4a0da-b379-464f-92ef-2f5d94da0714', 'Martin', 'Kenji', '1972-05-18', 0, 'FRA'),
('86ae83bd-fa11-44ac-93f3-2a481d500bbf', 'Roux', 'Hugo', '1997-06-15', 0, 'GBR'),
('966c328e-d008-4d13-aaf0-96bee23b73dc', 'Martin', 'Léa', '2005-07-18', 0, 'CAN'),
('a7feafcb-35a4-4836-80c1-092f67b259f6', 'Gagnon', 'John', '1992-07-15', 0, 'FRA'),
('6b72fdda-c63d-46d4-8c56-9fe1b0a962f4', 'Tremblay', 'Yui', '1991-01-17', 0, 'FRA'),
('a5940606-f635-4209-b48f-c522f51cc120', 'Garcia', 'Jean', '2009-06-17', 0, 'CAN'),
('6bcee39e-9a03-47a4-8f28-6bb69ec2ab71', 'Tremblay', 'Yui', '2005-09-17', 0, 'FRA'),
('d82eb2d7-e23b-4a46-b201-3ce4eb513a50', 'Smith', 'Hugo', '2000-09-14', 0, 'JPN'),
('126cb01d-967a-4c67-bf2f-6e5adc0b5023', 'Roux', 'Luc', '1959-08-10', 0, 'JPN'),
('2c569dab-c431-4945-af37-d0ae4e5cbcfa', 'Johnson', 'John', '2009-05-17', 1, 'GBR'),
('4bfeb4cc-d44c-4972-b430-f0ab43039b95', 'Watanabe', 'Luc', '2008-03-10', 0, 'FRA'),
('04b5628d-b293-41f9-aa50-a60bf1e36026', 'Watanabe', 'Léa', '2007-08-15', 0, 'FRA'),
('63802d58-fa10-403b-ae89-5a117601fbfe', 'Dupont', 'John', '2000-06-17', 0, 'CAN'),
('8339e5f1-7a1b-4f66-b430-20a221a232ac', 'Garcia', 'Marie', '1958-05-11', 0, 'CAN'),
('69c85306-5700-469f-8230-de02ddd31f0d', 'Martin', 'Kenji', '2002-05-15', 0, 'JPN'),
('94878f65-59f7-43f3-908f-3ed57a884332', 'Johnson', 'Marie', '1982-09-19', 0, 'USA'),
('fab6fc8e-de6f-46bd-9b18-4b37d50a8e62', 'Gagnon', 'Kenji', '1979-09-19', 0, 'JPN'),
('39400a91-7ab9-4f13-b935-2ba7c1b11458', 'Garcia', 'Sophie', '1988-04-10', 0, 'JPN'),
('a0c5c6a1-7305-4cab-9a72-51fc16b17041', 'Petit', 'Jean', '1993-08-10', 0, 'GBR'),
('acb9ac16-756b-4e29-9f7e-2bd84f196733', 'Smith', 'Kenji', '2001-07-10', 0, 'FRA'),
('9d96f195-b04a-429e-9480-97dfd96c8f8c', 'Garcia', 'Léa', '1982-07-14', 0, 'CAN'),
('d521662e-359e-4457-94af-62457a9a790a', 'Tremblay', 'Sophie', '1953-04-11', 0, 'JPN'),
('1e6b9b16-89ef-4427-ab84-4b0d93f0cb1e', 'Tremblay', 'Sophie', '1961-06-15', 0, 'FRA'),
('09a4d293-f3c6-4894-9715-828ee49cc881', 'Roux', 'Sophie', '2003-06-13', 0, 'FRA'),
('576945e5-c876-4aa0-aec0-7637e7cb5004', 'Roux', 'Yui', '1992-05-12', 0, 'GBR'),
('4b9661f8-4784-4a69-b05c-c3a4a34cdee0', 'Johnson', 'Marie', '1991-06-11', 0, 'GBR'),
('34d46761-e072-427d-b21e-b0db337e9cc5', 'Roux', 'Kenji', '1973-03-18', 0, 'USA'),
('885cce0a-c83d-4b0a-b7df-4674d67c44fc', 'Gagnon', 'Hugo', '1989-03-11', 0, 'FRA'),
('72dc0c1d-22d6-403f-888c-2d626655cd30', 'Martin', 'Marie', '1975-09-10', 0, 'GBR'),
('4502c9d2-3bd6-4825-91fe-669d7470ff18', 'Dupont', 'Jean', '2003-05-13', 0, 'JPN'),
('74db5c27-84db-45f9-a2b3-98bbd7d28f18', 'Dupont', 'Kenji', '1961-03-15', 0, 'CAN'),
('49fb7904-8fa6-466f-abc3-05f09008816d', 'Johnson', 'Marie', '2001-03-17', 0, 'JPN'),
('c1f0af48-822f-404b-98a6-56a6e5ef1b97', 'Martin', 'Emma', '2000-09-14', 0, 'CAN'),
('6f0c4687-dcae-43a0-97d8-33cdc3d4b320', 'Dupont', 'Kenji', '1956-02-11', 0, 'USA'),
('c6f7b307-fd95-4e8f-a312-1e0f01fc755b', 'Tremblay', 'Emma', '2008-04-19', 0, 'USA'),
('0c0ef56f-2ec4-4c3f-bd74-593f527cd0fc', 'Tremblay', 'Jean', '1962-06-15', 0, 'FRA'),
('183b7a65-80b2-4388-ab6a-540edd754ed7', 'Johnson', 'Kenji', '1956-06-18', 0, 'CAN'),
('87e1fae8-d513-4f5c-adcb-a0e06d4f0acf', 'Watanabe', 'Sophie', '1968-04-18', 0, 'JPN'),
('680ffd3d-4238-48d0-9852-fe5865b2aa8a', 'Roux', 'Marie', '2000-01-11', 0, 'JPN'),
('89ddf835-e233-476a-9d2e-a50f3a039a32', 'Johnson', 'John', '1976-05-18', 0, 'GBR'),
('658902c9-7b4b-4c16-9cc8-f269f1fed7f2', 'Johnson', 'Emma', '1998-01-18', 0, 'FRA'),
('a087d07d-f91b-48b5-9a8f-0c9ceab61178', 'Dupont', 'Kenji', '1953-02-18', 0, 'USA'),
('7cbe2e88-5fea-4aaa-8011-27f6a18cea7b', 'Tremblay', 'Marie', '2007-04-11', 0, 'FRA'),
('5fe7fbe1-10d5-4065-9352-6990c6a7c4c0', 'Roux', 'Emma', '1982-08-14', 0, 'GBR'),
('8614b838-5908-4861-b54c-9733122ef82c', 'Petit', 'Hugo', '1954-09-13', 0, 'FRA'),
('391d5cfa-5b60-4b54-9b67-6ee14ce2056e', 'Martin', 'Léa', '2003-04-15', 0, 'JPN'),
('657b8cea-1ffa-4f8f-aa78-8afa1210a881', 'Dupont', 'Léa', '1962-09-17', 0, 'CAN'),
('3b6209cf-3a58-407b-b4bf-2a5d2c6e094f', 'Johnson', 'Kenji', '2005-01-19', 1, 'GBR'),
('9a17a59d-c0f1-407c-871f-0c49a304b206', 'Watanabe', 'Léa', '1982-08-13', 0, 'JPN'),
('ae1e876b-0a93-4f82-89bb-6afed13e7cdd', 'Tremblay', 'Marie', '1979-03-12', 0, 'USA'),
('968ecd1d-d6c2-44d3-8e07-5722881fcb9d', 'Garcia', 'Emma', '1999-09-17', 0, 'FRA'),
('0e407c36-95f6-48bc-8e72-9b38e13397a7', 'Tremblay', 'Hugo', '1954-08-14', 0, 'GBR'),
('e2eaa312-33d5-4c63-9e4c-fc0ce28ebec9', 'Martin', 'Luc', '1952-09-12', 0, 'FRA'),
('e8dca728-b1d2-4a86-b89b-863034162943', 'Petit', 'Emma', '1980-04-10', 0, 'JPN'),
('78d8e4ab-00a4-44e6-bec4-f262bf63aac7', 'Smith', 'Hugo', '1953-04-15', 0, 'GBR'),
('1ffa2c92-53f6-426f-973d-ddbfd272aafc', 'Watanabe', 'Hugo', '1975-01-19', 0, 'USA'),
('84a35963-9fd8-4af5-b957-27f79ccee051', 'Martin', 'Kenji', '1970-02-14', 0, 'FRA'),
('e202df09-0d81-4458-9685-e350300f99ee', 'Watanabe', 'John', '2006-01-14', 0, 'USA'),
('e4b8c652-867d-4c1e-87dc-432a2765a5a3', 'Roux', 'Marie', '1972-04-19', 0, 'GBR'),
('1f97361f-7899-41dc-94b6-a9ad31a53e5b', 'Watanabe', 'Yui', '1985-08-18', 0, 'CAN'),
('5dcd72f2-fecd-4d9b-9b0f-648d2b89b5c0', 'Martin', 'John', '1994-09-13', 0, 'JPN');

INSERT INTO Vol (UUID_vol, Code_vol, Date_départ_GMT_1_, Date_arrivé_GMT_1_, ID_avion, ICAO_départ, ICAO_arrivé) VALUES
('34137eee-a25c-49ca-9bfd-d7f3f43c9879', 'VOL100', '2026-04-02 08:00:00', '2026-04-02 19:00:00', 'ID-AV10','KJFK','KLAX'),
('d71c5437-3319-4c1e-834a-3800d40e9fb9', 'VOL200', '2026-04-03 06:00:00', '2026-04-03 17:00:00', 'ID-AV7','LFPG','LFPO'),
('9deeaaa7-ab35-42a0-b4a2-968fb8630b46', 'VOL300', '2026-04-04 08:00:00', '2026-04-04 19:00:00', 'ID-AV2','LFPG','KJFK'),
('d2068531-1391-4381-898f-4d556034f32a', 'VOL400', '2026-04-05 07:00:00', '2026-04-05 18:00:00', 'ID-AV8','LFPG','KJFK'),
('08e7579b-61da-455d-b29c-4474caed13ef', 'VOL500', '2026-04-06 06:00:00', '2026-04-06 08:00:00', 'ID-AV8','RJTT','LFPO'),
('34752671-c19b-4a8a-9ecf-98338cd151b8', 'VOL600', '2026-04-07 04:00:00', '2026-04-07 11:00:00', 'ID-AV7','RJTT','LFPO'),
('e6823daa-d0b0-47d1-ae65-a505858ee274', 'VOL700', '2026-04-08 06:00:00', '2026-04-08 12:00:00', 'ID-AV5','RJTT','LFPG'),
('781e51a5-6b8a-457f-8fe8-8ecf3db01259', 'VOL800', '2026-04-09 05:00:00', '2026-04-09 14:00:00', 'ID-AV1','KLAX','LFPG'),
('2c96e41b-faab-4e92-bebc-56dbd1b7db71', 'VOL900', '2026-04-10 04:00:00', '2026-04-10 06:00:00', 'ID-AV2','KLAX','LFPO'),
('bfc37fba-b6c6-428e-89a7-de7caba1b95a', 'VOL1000', '2026-04-11 11:00:00', '2026-04-11 15:00:00', 'ID-AV6','KLAX','LFPG'),
('53652a60-6fc9-484a-b1fc-e54fb275042f', 'VOL1100', '2026-04-12 04:00:00', '2026-04-12 08:00:00', 'ID-AV4','KJFK','LFPO'),
('2fc01fe1-1e98-46f0-aa55-028195f2ce70', 'VOL1200', '2026-04-13 06:00:00', '2026-04-13 10:00:00', 'ID-AV6','LFPO','EGLL'),
('0d99b4ae-24b8-433a-bd5e-2101a5d13b35', 'VOL1300', '2026-04-14 07:00:00', '2026-04-14 09:00:00', 'ID-AV5','EGLL','KLAX'),
('ddf5f096-66f4-40a2-b78b-b8b3af74cae1', 'VOL1400', '2026-04-15 07:00:00', '2026-04-15 16:00:00', 'ID-AV4','EGLL','KJFK'),
('a6057443-fcd1-4988-a156-7d70882d7ecf', 'VOL1500', '2026-04-16 07:00:00', '2026-04-16 11:00:00', 'ID-AV3','LFPG','EGLL');

INSERT INTO Vol_Employer (UUID_vol, UUID_employer) VALUES
('34137eee-a25c-49ca-9bfd-d7f3f43c9879', '298f5903-4d7f-4e46-a889-a2b60df830cf'),
('34137eee-a25c-49ca-9bfd-d7f3f43c9879', 'a1fd1ab2-5d70-4f35-9239-f0203523038e'),
('34137eee-a25c-49ca-9bfd-d7f3f43c9879', 'bac4be62-235e-4a89-aa02-59b23bf17cff'),
('34137eee-a25c-49ca-9bfd-d7f3f43c9879', 'cf8473d7-cd11-4300-89be-5c70c3f1959b'),
('34137eee-a25c-49ca-9bfd-d7f3f43c9879', 'c679e21a-85a0-428f-bdc8-3cbf03fa06eb'),
('d71c5437-3319-4c1e-834a-3800d40e9fb9', '4afb08d6-8dce-4eb3-abae-49aed530fcaf'),
('d71c5437-3319-4c1e-834a-3800d40e9fb9', '864fa84f-2f64-4bea-9415-f249629cf53e'),
('d71c5437-3319-4c1e-834a-3800d40e9fb9', '6eea4000-d06c-4666-b3f5-af1266f23594'),
('d71c5437-3319-4c1e-834a-3800d40e9fb9', 'b277e89d-488c-44da-8c97-2d99cd4a5518'),
('d71c5437-3319-4c1e-834a-3800d40e9fb9', 'fd37f3e3-e40f-4a21-8b60-2ae68bc82ed4'),
('9deeaaa7-ab35-42a0-b4a2-968fb8630b46', '3a416762-5d0b-4bc8-b670-2df41a84f0c9'),
('9deeaaa7-ab35-42a0-b4a2-968fb8630b46', '4e8a0097-3575-4623-825d-a6756fcfec89'),
('9deeaaa7-ab35-42a0-b4a2-968fb8630b46', '4afb08d6-8dce-4eb3-abae-49aed530fcaf'),
('9deeaaa7-ab35-42a0-b4a2-968fb8630b46', '25241152-2152-45b5-9464-b93d548c6c81'),
('9deeaaa7-ab35-42a0-b4a2-968fb8630b46', 'f2fba7c9-c707-45a9-a1c2-d633c6ef1925'),
('d2068531-1391-4381-898f-4d556034f32a', '31a2ba51-5ef3-4a55-b8a2-e4e30a291b74'),
('d2068531-1391-4381-898f-4d556034f32a', '1a2de803-ce5c-45c0-b842-cc15a2d29c11'),
('d2068531-1391-4381-898f-4d556034f32a', '6202de8b-c400-44fd-b5c2-4ba86a1f09aa'),
('d2068531-1391-4381-898f-4d556034f32a', 'dce4ac9c-8974-4f6a-85b0-550931f3025c'),
('d2068531-1391-4381-898f-4d556034f32a', 'bfe415fb-9379-41e0-b725-4610089e3ae9'),
('08e7579b-61da-455d-b29c-4474caed13ef', '39c81c45-054f-43dc-9a7f-b670ff7d9fb8'),
('08e7579b-61da-455d-b29c-4474caed13ef', 'cf8473d7-cd11-4300-89be-5c70c3f1959b'),
('08e7579b-61da-455d-b29c-4474caed13ef', '25241152-2152-45b5-9464-b93d548c6c81'),
('08e7579b-61da-455d-b29c-4474caed13ef', 'f396a783-d12d-4d08-bc0e-bc13ba8de7f0'),
('08e7579b-61da-455d-b29c-4474caed13ef', '4afb08d6-8dce-4eb3-abae-49aed530fcaf'),
('34752671-c19b-4a8a-9ecf-98338cd151b8', 'f9218e51-c1e8-4189-b6a7-d4614c6bb109'),
('34752671-c19b-4a8a-9ecf-98338cd151b8', '0176a6d6-a6b9-4c6d-aa0e-2518941f6a57'),
('34752671-c19b-4a8a-9ecf-98338cd151b8', '2960e91f-643f-4fd5-a57d-fb61f881012a'),
('34752671-c19b-4a8a-9ecf-98338cd151b8', '6b17894e-ce01-4309-aa8e-1bc9702836d9'),
('34752671-c19b-4a8a-9ecf-98338cd151b8', 'fe046e48-82fc-47af-8bab-2991205822f2'),
('e6823daa-d0b0-47d1-ae65-a505858ee274', '1a2de803-ce5c-45c0-b842-cc15a2d29c11'),
('e6823daa-d0b0-47d1-ae65-a505858ee274', 'dce4ac9c-8974-4f6a-85b0-550931f3025c'),
('e6823daa-d0b0-47d1-ae65-a505858ee274', '6202de8b-c400-44fd-b5c2-4ba86a1f09aa'),
('e6823daa-d0b0-47d1-ae65-a505858ee274', '63c3d46f-b7cf-4a58-b6f5-a636d1d42b51'),
('e6823daa-d0b0-47d1-ae65-a505858ee274', '4c433026-8964-4e44-9021-fab39f05239b'),
('781e51a5-6b8a-457f-8fe8-8ecf3db01259', '6b17894e-ce01-4309-aa8e-1bc9702836d9'),
('781e51a5-6b8a-457f-8fe8-8ecf3db01259', '4afb08d6-8dce-4eb3-abae-49aed530fcaf'),
('781e51a5-6b8a-457f-8fe8-8ecf3db01259', '2ff6708b-3b8b-4aa1-bba2-16a1e7beddd2'),
('781e51a5-6b8a-457f-8fe8-8ecf3db01259', 'e9458616-c6df-418b-9175-7ed01789bd9e'),
('781e51a5-6b8a-457f-8fe8-8ecf3db01259', 'f9218e51-c1e8-4189-b6a7-d4614c6bb109'),
('2c96e41b-faab-4e92-bebc-56dbd1b7db71', '2960e91f-643f-4fd5-a57d-fb61f881012a'),
('2c96e41b-faab-4e92-bebc-56dbd1b7db71', '3a416762-5d0b-4bc8-b670-2df41a84f0c9'),
('2c96e41b-faab-4e92-bebc-56dbd1b7db71', 'f396a783-d12d-4d08-bc0e-bc13ba8de7f0'),
('2c96e41b-faab-4e92-bebc-56dbd1b7db71', '573c2fdf-469d-47f8-adb2-6991645e0126'),
('2c96e41b-faab-4e92-bebc-56dbd1b7db71', '51f9e708-c338-4ddd-8f4b-f086fd97ec25'),
('bfc37fba-b6c6-428e-89a7-de7caba1b95a', 'b9e0f89a-ac96-4cbe-a2c6-b722f148fe9a'),
('bfc37fba-b6c6-428e-89a7-de7caba1b95a', '0176a6d6-a6b9-4c6d-aa0e-2518941f6a57'),
('bfc37fba-b6c6-428e-89a7-de7caba1b95a', '63c3d46f-b7cf-4a58-b6f5-a636d1d42b51'),
('bfc37fba-b6c6-428e-89a7-de7caba1b95a', '60d38fe9-2cda-4871-ad1d-b36dcb727793'),
('bfc37fba-b6c6-428e-89a7-de7caba1b95a', '088cc4ea-b417-45e4-9dc4-7102015b2b99'),
('53652a60-6fc9-484a-b1fc-e54fb275042f', 'b9e0f89a-ac96-4cbe-a2c6-b722f148fe9a'),
('53652a60-6fc9-484a-b1fc-e54fb275042f', '4c433026-8964-4e44-9021-fab39f05239b'),
('53652a60-6fc9-484a-b1fc-e54fb275042f', '3a416762-5d0b-4bc8-b670-2df41a84f0c9'),
('53652a60-6fc9-484a-b1fc-e54fb275042f', 'bac4be62-235e-4a89-aa02-59b23bf17cff'),
('53652a60-6fc9-484a-b1fc-e54fb275042f', '1a2de803-ce5c-45c0-b842-cc15a2d29c11'),
('2fc01fe1-1e98-46f0-aa55-028195f2ce70', 'fe046e48-82fc-47af-8bab-2991205822f2'),
('2fc01fe1-1e98-46f0-aa55-028195f2ce70', 'ca46b786-e585-484c-ac83-0dc373a789af'),
('2fc01fe1-1e98-46f0-aa55-028195f2ce70', 'bfe415fb-9379-41e0-b725-4610089e3ae9'),
('2fc01fe1-1e98-46f0-aa55-028195f2ce70', '4e8a0097-3575-4623-825d-a6756fcfec89'),
('2fc01fe1-1e98-46f0-aa55-028195f2ce70', '0ba9f088-c0b9-4aae-816e-e3d7c3f86617'),
('0d99b4ae-24b8-433a-bd5e-2101a5d13b35', '6984dcc2-e45b-4988-ae39-fe5edb6f7a08'),
('0d99b4ae-24b8-433a-bd5e-2101a5d13b35', 'cf8473d7-cd11-4300-89be-5c70c3f1959b'),
('0d99b4ae-24b8-433a-bd5e-2101a5d13b35', '088cc4ea-b417-45e4-9dc4-7102015b2b99'),
('0d99b4ae-24b8-433a-bd5e-2101a5d13b35', '4afb08d6-8dce-4eb3-abae-49aed530fcaf'),
('0d99b4ae-24b8-433a-bd5e-2101a5d13b35', '2ff6708b-3b8b-4aa1-bba2-16a1e7beddd2'),
('ddf5f096-66f4-40a2-b78b-b8b3af74cae1', 'c679e21a-85a0-428f-bdc8-3cbf03fa06eb'),
('ddf5f096-66f4-40a2-b78b-b8b3af74cae1', '6984dcc2-e45b-4988-ae39-fe5edb6f7a08'),
('ddf5f096-66f4-40a2-b78b-b8b3af74cae1', '6eea4000-d06c-4666-b3f5-af1266f23594'),
('ddf5f096-66f4-40a2-b78b-b8b3af74cae1', 'dbb949e7-7e49-4dd1-8931-ed6b960d957a'),
('ddf5f096-66f4-40a2-b78b-b8b3af74cae1', '6202de8b-c400-44fd-b5c2-4ba86a1f09aa'),
('a6057443-fcd1-4988-a156-7d70882d7ecf', '0176a6d6-a6b9-4c6d-aa0e-2518941f6a57'),
('a6057443-fcd1-4988-a156-7d70882d7ecf', '573c2fdf-469d-47f8-adb2-6991645e0126'),
('a6057443-fcd1-4988-a156-7d70882d7ecf', '0ba9f088-c0b9-4aae-816e-e3d7c3f86617'),
('a6057443-fcd1-4988-a156-7d70882d7ecf', 'f9218e51-c1e8-4189-b6a7-d4614c6bb109'),
('a6057443-fcd1-4988-a156-7d70882d7ecf', 'ac2ab21e-5526-43a8-b561-7c6b61a9e76a');

INSERT INTO Vol_Voyageur (UUID_vol, UUID_voyageur) VALUES
('34137eee-a25c-49ca-9bfd-d7f3f43c9879', '8be91abc-4d8b-40c7-afce-256ec7ffe5f0'),
('34137eee-a25c-49ca-9bfd-d7f3f43c9879', '1916c442-d0cf-441b-a2b4-606e51c11f87'),
('34137eee-a25c-49ca-9bfd-d7f3f43c9879', '66856ccb-fe60-479a-85ba-abe9c9f6f24f'),
('34137eee-a25c-49ca-9bfd-d7f3f43c9879', 'cf6aef64-7c60-4d2b-994d-420a6f0d11ba'),
('34137eee-a25c-49ca-9bfd-d7f3f43c9879', '7effa4c5-1c31-415e-8530-a96b2e33ab27'),
('34137eee-a25c-49ca-9bfd-d7f3f43c9879', '664dca1e-a99d-4196-ae09-a6c2ac64f0a7'),
('34137eee-a25c-49ca-9bfd-d7f3f43c9879', 'c969ff7b-45f9-44de-93e6-72c414d665fc'),
('34137eee-a25c-49ca-9bfd-d7f3f43c9879', '1bf4a0da-b379-464f-92ef-2f5d94da0714'),
('34137eee-a25c-49ca-9bfd-d7f3f43c9879', '903a8a58-55b4-48a7-87e1-0861e35ffd95'),
('34137eee-a25c-49ca-9bfd-d7f3f43c9879', '89faeff5-a639-423a-8b4e-496fb35f2589'),
('34137eee-a25c-49ca-9bfd-d7f3f43c9879', '9a17a59d-c0f1-407c-871f-0c49a304b206'),
('34137eee-a25c-49ca-9bfd-d7f3f43c9879', '3b838edf-648a-4051-859d-3d186fbc8fd0'),
('34137eee-a25c-49ca-9bfd-d7f3f43c9879', '0309e468-63ab-4402-8a35-604492fa7812'),
('34137eee-a25c-49ca-9bfd-d7f3f43c9879', '4831a921-2355-4463-a3a3-cc7a3c0e1e37'),
('34137eee-a25c-49ca-9bfd-d7f3f43c9879', 'e8dca728-b1d2-4a86-b89b-863034162943'),
('34137eee-a25c-49ca-9bfd-d7f3f43c9879', '04b5628d-b293-41f9-aa50-a60bf1e36026'),
('34137eee-a25c-49ca-9bfd-d7f3f43c9879', '3e371253-024e-4e26-8ca2-0f70be8717c7'),
('34137eee-a25c-49ca-9bfd-d7f3f43c9879', '66bc2db0-6e12-4744-bc3c-a921d5a94684'),
('34137eee-a25c-49ca-9bfd-d7f3f43c9879', '5350640c-984e-480e-b653-dedc268636c0'),
('34137eee-a25c-49ca-9bfd-d7f3f43c9879', '78d8e4ab-00a4-44e6-bec4-f262bf63aac7'),
('34137eee-a25c-49ca-9bfd-d7f3f43c9879', '1214f174-5b73-426e-aa5b-bb48586e0560'),
('34137eee-a25c-49ca-9bfd-d7f3f43c9879', '42792110-2d4f-4953-9d77-282b1bee4445'),
('d71c5437-3319-4c1e-834a-3800d40e9fb9', 'd5a2dfda-88c2-449c-8693-3feaf86049a1'),
('d71c5437-3319-4c1e-834a-3800d40e9fb9', '3fcf3329-66c9-422a-a544-1c09a67acf20'),
('d71c5437-3319-4c1e-834a-3800d40e9fb9', '657b8cea-1ffa-4f8f-aa78-8afa1210a881'),
('d71c5437-3319-4c1e-834a-3800d40e9fb9', '8041c221-4004-4a4e-a37f-429e0fe51806'),
('d71c5437-3319-4c1e-834a-3800d40e9fb9', 'e38981cb-0e3d-4c35-a544-71ea44ac3331'),
('d71c5437-3319-4c1e-834a-3800d40e9fb9', '42792110-2d4f-4953-9d77-282b1bee4445'),
('d71c5437-3319-4c1e-834a-3800d40e9fb9', '55e33d01-a906-49ca-bc90-974a5e1f8dbd'),
('d71c5437-3319-4c1e-834a-3800d40e9fb9', '3839fa5e-6397-4899-9ec3-c31b5767b599'),
('d71c5437-3319-4c1e-834a-3800d40e9fb9', '4712e407-09ab-45d0-a777-fd9702a2219b'),
('d71c5437-3319-4c1e-834a-3800d40e9fb9', '4702d1d2-5cad-4124-955c-409b845fd275'),
('d71c5437-3319-4c1e-834a-3800d40e9fb9', '34d46761-e072-427d-b21e-b0db337e9cc5'),
('d71c5437-3319-4c1e-834a-3800d40e9fb9', '968ecd1d-d6c2-44d3-8e07-5722881fcb9d'),
('d71c5437-3319-4c1e-834a-3800d40e9fb9', 'b5775e66-6a2d-4b5c-be34-27e0b71b2eb8'),
('d71c5437-3319-4c1e-834a-3800d40e9fb9', '350aedfa-daee-40c5-a547-6a4fa8f2ed01'),
('d71c5437-3319-4c1e-834a-3800d40e9fb9', 'd90b7562-c771-4380-b6a4-8542e52985de'),
('d71c5437-3319-4c1e-834a-3800d40e9fb9', '4f101ab0-0bf0-4f97-88f8-da6ba71d3754'),
('d71c5437-3319-4c1e-834a-3800d40e9fb9', 'ca1955ac-7d2d-425d-ab42-3acb37b73c7a'),
('d71c5437-3319-4c1e-834a-3800d40e9fb9', 'e2eaa312-33d5-4c63-9e4c-fc0ce28ebec9'),
('d71c5437-3319-4c1e-834a-3800d40e9fb9', '4686340c-59e3-41ed-a800-2cd22cb94370'),
('d71c5437-3319-4c1e-834a-3800d40e9fb9', '664dca1e-a99d-4196-ae09-a6c2ac64f0a7'),
('d71c5437-3319-4c1e-834a-3800d40e9fb9', 'f4fcaeb4-dfd5-468f-8f4d-c2d485c6658e'),
('9deeaaa7-ab35-42a0-b4a2-968fb8630b46', 'e6a43f32-1f12-4b9c-bad9-720153297a84'),
('9deeaaa7-ab35-42a0-b4a2-968fb8630b46', 'b5775e66-6a2d-4b5c-be34-27e0b71b2eb8'),
('9deeaaa7-ab35-42a0-b4a2-968fb8630b46', '6e923c7e-bae2-4074-af91-eabf8d818271'),
('9deeaaa7-ab35-42a0-b4a2-968fb8630b46', '1f871d50-9177-4fef-9637-bd8036218cd6'),
('9deeaaa7-ab35-42a0-b4a2-968fb8630b46', '6db7e5e4-8fa7-49e2-aae8-ef6d6f0a8843'),
('9deeaaa7-ab35-42a0-b4a2-968fb8630b46', '4ff051a3-5a5b-4855-9690-364ea2b4e2b8'),
('9deeaaa7-ab35-42a0-b4a2-968fb8630b46', '34d46761-e072-427d-b21e-b0db337e9cc5'),
('9deeaaa7-ab35-42a0-b4a2-968fb8630b46', 'bf54f25a-73cb-47e0-a7f9-d657448bc115'),
('9deeaaa7-ab35-42a0-b4a2-968fb8630b46', 'f72a64c1-fbf0-4ab8-abed-c9b41dd5f977'),
('9deeaaa7-ab35-42a0-b4a2-968fb8630b46', 'eaf2b3da-2e89-4bdb-85a0-a7801bbf30e0'),
('9deeaaa7-ab35-42a0-b4a2-968fb8630b46', '64be12e2-0d9e-4d81-86d8-94f8662d2acf'),
('9deeaaa7-ab35-42a0-b4a2-968fb8630b46', '794ecb2e-264d-482e-80cd-04b80188f647'),
('9deeaaa7-ab35-42a0-b4a2-968fb8630b46', 'aaaec530-eae6-4f4d-a20a-72aedc66cd00'),
('9deeaaa7-ab35-42a0-b4a2-968fb8630b46', '4f1f1f15-218e-41b9-80c8-d04f68076836'),
('9deeaaa7-ab35-42a0-b4a2-968fb8630b46', '86ae83bd-fa11-44ac-93f3-2a481d500bbf'),
('9deeaaa7-ab35-42a0-b4a2-968fb8630b46', 'a0c5c6a1-7305-4cab-9a72-51fc16b17041'),
('9deeaaa7-ab35-42a0-b4a2-968fb8630b46', '18cfb668-9d0b-4c5a-b0ae-1dcf9e911824'),
('9deeaaa7-ab35-42a0-b4a2-968fb8630b46', '12e80cc7-e5a5-4484-b0a1-ed5369951328'),
('9deeaaa7-ab35-42a0-b4a2-968fb8630b46', '7effa4c5-1c31-415e-8530-a96b2e33ab27'),
('9deeaaa7-ab35-42a0-b4a2-968fb8630b46', '5e365409-1ab3-4d55-a1b8-cdf0c6761496'),
('9deeaaa7-ab35-42a0-b4a2-968fb8630b46', '10a10694-fe16-4b2a-949c-d2b701a7e9a3'),
('9deeaaa7-ab35-42a0-b4a2-968fb8630b46', '7b7bf2a5-26f5-4d1a-a22d-22620f8ce2e6'),
('d2068531-1391-4381-898f-4d556034f32a', 'eb3204e1-6aa3-4146-a80f-296e42019b65'),
('d2068531-1391-4381-898f-4d556034f32a', '02f724c6-c777-4a10-90f9-fedeace89934'),
('d2068531-1391-4381-898f-4d556034f32a', '095a4f99-7b14-44e3-ae8d-96a0fb9a7356'),
('d2068531-1391-4381-898f-4d556034f32a', '426a77bf-abfa-4938-b284-8f68b6ea8fb7'),
('d2068531-1391-4381-898f-4d556034f32a', '1852a207-32ef-4f29-8ffe-ccbd867a5da4'),
('d2068531-1391-4381-898f-4d556034f32a', 'f72a64c1-fbf0-4ab8-abed-c9b41dd5f977'),
('d2068531-1391-4381-898f-4d556034f32a', '5e0e915e-9387-485d-b6db-2f8ab855e533'),
('d2068531-1391-4381-898f-4d556034f32a', '530da38e-a7ef-4b36-99b0-6cedb0229b09'),
('d2068531-1391-4381-898f-4d556034f32a', '319e3f31-3b4f-4c4d-9d64-5b31241abac1'),
('d2068531-1391-4381-898f-4d556034f32a', 'f61c7fd9-2d18-49c5-9ec7-e1711570009e'),
('d2068531-1391-4381-898f-4d556034f32a', '3a852049-746e-4622-a4ef-7273db2b675d'),
('d2068531-1391-4381-898f-4d556034f32a', '968ecd1d-d6c2-44d3-8e07-5722881fcb9d'),
('d2068531-1391-4381-898f-4d556034f32a', '79053a52-62fd-43f0-ba8e-4c780c18bb2e'),
('d2068531-1391-4381-898f-4d556034f32a', 'a5940606-f635-4209-b48f-c522f51cc120'),
('d2068531-1391-4381-898f-4d556034f32a', 'e222e849-35ca-4be2-8850-0c1f6a68db2a'),
('d2068531-1391-4381-898f-4d556034f32a', 'bcaa621a-c46d-4258-ab6c-e6cf1449acae'),
('d2068531-1391-4381-898f-4d556034f32a', '9dace65d-73dc-4ece-9051-2b38163f0e58'),
('d2068531-1391-4381-898f-4d556034f32a', '4502c9d2-3bd6-4825-91fe-669d7470ff18'),
('d2068531-1391-4381-898f-4d556034f32a', '0c02438d-4df5-4dfd-87f8-511f0f6e11cc'),
('08e7579b-61da-455d-b29c-4474caed13ef', 'c13e2d62-f39f-48dc-8074-9c9e8defa8b4'),
('08e7579b-61da-455d-b29c-4474caed13ef', 'a5940606-f635-4209-b48f-c522f51cc120'),
('08e7579b-61da-455d-b29c-4474caed13ef', 'a212da22-4f39-4f4b-a2ee-86dd34676cb8'),
('08e7579b-61da-455d-b29c-4474caed13ef', 'b61be975-e118-4fb6-9b06-737bf39b4584'),
('08e7579b-61da-455d-b29c-4474caed13ef', '10a10694-fe16-4b2a-949c-d2b701a7e9a3'),
('08e7579b-61da-455d-b29c-4474caed13ef', '126cb01d-967a-4c67-bf2f-6e5adc0b5023'),
('08e7579b-61da-455d-b29c-4474caed13ef', '60a46bf5-05bf-4f43-9d84-e69c74417d78'),
('08e7579b-61da-455d-b29c-4474caed13ef', 'f7128936-18d8-4a87-8bd9-73d37df4ea08'),
('08e7579b-61da-455d-b29c-4474caed13ef', '031b0931-8eb9-4967-a4f8-3d75bcb44d0d'),
('08e7579b-61da-455d-b29c-4474caed13ef', 'aa4b1b53-3953-4625-a370-e68bbeee855a'),
('08e7579b-61da-455d-b29c-4474caed13ef', '5e0e915e-9387-485d-b6db-2f8ab855e533'),
('08e7579b-61da-455d-b29c-4474caed13ef', 'c9cdca8f-39dc-4dac-8ac1-d1e99a6c0f52'),
('08e7579b-61da-455d-b29c-4474caed13ef', '6dbc47dd-3cf8-4a2c-84f8-d3a41440c3b3'),
('08e7579b-61da-455d-b29c-4474caed13ef', 'c5a39b9c-1523-4066-8896-cf20456aa7b1'),
('08e7579b-61da-455d-b29c-4474caed13ef', 'af17e1ee-ea80-4f87-8990-090c16bb1152'),
('08e7579b-61da-455d-b29c-4474caed13ef', '6f0c4687-dcae-43a0-97d8-33cdc3d4b320'),
('08e7579b-61da-455d-b29c-4474caed13ef', '5474556c-da45-420c-b68a-3bdfa2b554d6'),
('08e7579b-61da-455d-b29c-4474caed13ef', '1e6b9b16-89ef-4427-ab84-4b0d93f0cb1e'),
('08e7579b-61da-455d-b29c-4474caed13ef', '851d57a2-6f84-4eb3-ac1b-daac8079d4f0'),
('08e7579b-61da-455d-b29c-4474caed13ef', 'ca1955ac-7d2d-425d-ab42-3acb37b73c7a'),
('08e7579b-61da-455d-b29c-4474caed13ef', '861540f9-c708-4ae4-a36e-f10b7a2bdd3d'),
('08e7579b-61da-455d-b29c-4474caed13ef', 'dcc2c874-919e-457b-bd6d-5e035afea092'),
('34752671-c19b-4a8a-9ecf-98338cd151b8', '4f967697-a9ca-42aa-8910-c8eabc36b0e5'),
('34752671-c19b-4a8a-9ecf-98338cd151b8', 'd4abf603-a085-48c3-9011-d9e3a5e82ccb'),
('34752671-c19b-4a8a-9ecf-98338cd151b8', '1ffa2c92-53f6-426f-973d-ddbfd272aafc'),
('34752671-c19b-4a8a-9ecf-98338cd151b8', '530da38e-a7ef-4b36-99b0-6cedb0229b09'),
('34752671-c19b-4a8a-9ecf-98338cd151b8', '254c7a15-23d8-47be-a045-7b275aafaef4'),
('34752671-c19b-4a8a-9ecf-98338cd151b8', '5b3ea463-4888-4d63-8386-da187c0b9c85'),
('34752671-c19b-4a8a-9ecf-98338cd151b8', '5644c0c0-38af-462b-94d1-fadfd16cecc6'),
('34752671-c19b-4a8a-9ecf-98338cd151b8', 'c8eb9a7e-93b1-4eb9-8415-96575003d222'),
('34752671-c19b-4a8a-9ecf-98338cd151b8', '1aa1869e-b904-471f-a7dd-d3e88396e9f1'),
('34752671-c19b-4a8a-9ecf-98338cd151b8', '6dbc47dd-3cf8-4a2c-84f8-d3a41440c3b3'),
('34752671-c19b-4a8a-9ecf-98338cd151b8', '89faeff5-a639-423a-8b4e-496fb35f2589'),
('34752671-c19b-4a8a-9ecf-98338cd151b8', 'e202df09-0d81-4458-9685-e350300f99ee'),
('34752671-c19b-4a8a-9ecf-98338cd151b8', 'b8b1dcd3-137e-41e0-8ebe-7458e98cd15c'),
('34752671-c19b-4a8a-9ecf-98338cd151b8', 'bad5abfc-61ff-470f-a29b-49c925a69008'),
('34752671-c19b-4a8a-9ecf-98338cd151b8', '1a782383-eb2e-475e-b4b7-1d3cc3c74ffe'),
('34752671-c19b-4a8a-9ecf-98338cd151b8', '4a3c0c72-67c9-4347-9377-53cce10fdbd2'),
('34752671-c19b-4a8a-9ecf-98338cd151b8', '94878f65-59f7-43f3-908f-3ed57a884332'),
('34752671-c19b-4a8a-9ecf-98338cd151b8', '319e3f31-3b4f-4c4d-9d64-5b31241abac1'),
('34752671-c19b-4a8a-9ecf-98338cd151b8', '9b476bdc-e2b6-4c8e-bc79-c992344a828e'),
('e6823daa-d0b0-47d1-ae65-a505858ee274', '79053a52-62fd-43f0-ba8e-4c780c18bb2e'),
('e6823daa-d0b0-47d1-ae65-a505858ee274', 'aaaec530-eae6-4f4d-a20a-72aedc66cd00'),
('e6823daa-d0b0-47d1-ae65-a505858ee274', 'c5a39b9c-1523-4066-8896-cf20456aa7b1'),
('e6823daa-d0b0-47d1-ae65-a505858ee274', '1852a207-32ef-4f29-8ffe-ccbd867a5da4'),
('e6823daa-d0b0-47d1-ae65-a505858ee274', 'e49ae8b4-c1ab-4a30-919e-080b66071dd2'),
('e6823daa-d0b0-47d1-ae65-a505858ee274', '6a33f683-a892-4112-9fe2-ec8be09c2974'),
('e6823daa-d0b0-47d1-ae65-a505858ee274', 'c5f6bef7-e0cb-4946-aa99-5bf2712ebc6d'),
('e6823daa-d0b0-47d1-ae65-a505858ee274', '7acbf6d4-bd1d-4a15-85c2-cc15fb93c52c'),
('e6823daa-d0b0-47d1-ae65-a505858ee274', 'e202df09-0d81-4458-9685-e350300f99ee'),
('e6823daa-d0b0-47d1-ae65-a505858ee274', '49651470-7624-439b-a273-b242f3a427b7'),
('e6823daa-d0b0-47d1-ae65-a505858ee274', '38af4221-ff7d-4561-a5b8-ec0eb58f9919'),
('e6823daa-d0b0-47d1-ae65-a505858ee274', '6dbc47dd-3cf8-4a2c-84f8-d3a41440c3b3'),
('e6823daa-d0b0-47d1-ae65-a505858ee274', '60a46bf5-05bf-4f43-9d84-e69c74417d78'),
('e6823daa-d0b0-47d1-ae65-a505858ee274', '7096d7d1-06b9-4a1e-b944-70203bcc2d2b'),
('e6823daa-d0b0-47d1-ae65-a505858ee274', 'ab54c8d0-3697-4425-905e-6b9601371522'),
('e6823daa-d0b0-47d1-ae65-a505858ee274', '3d8555a7-3f79-4f42-9dc1-a221f33e7b48'),
('e6823daa-d0b0-47d1-ae65-a505858ee274', '1916c442-d0cf-441b-a2b4-606e51c11f87'),
('e6823daa-d0b0-47d1-ae65-a505858ee274', 'fe0da9c3-3bce-4a9a-8a58-3a8c539f32bc'),
('e6823daa-d0b0-47d1-ae65-a505858ee274', '2f76fe16-6546-4da4-81bf-d59ef8efc7da'),
('e6823daa-d0b0-47d1-ae65-a505858ee274', '93155c5e-1775-44ab-8639-92d17dd7bbc1'),
('e6823daa-d0b0-47d1-ae65-a505858ee274', '21e0d9f5-a923-4152-846c-9589cc97c618'),
('781e51a5-6b8a-457f-8fe8-8ecf3db01259', '09a4d293-f3c6-4894-9715-828ee49cc881'),
('781e51a5-6b8a-457f-8fe8-8ecf3db01259', 'e49ae8b4-c1ab-4a30-919e-080b66071dd2'),
('781e51a5-6b8a-457f-8fe8-8ecf3db01259', '3fcf3329-66c9-422a-a544-1c09a67acf20'),
('781e51a5-6b8a-457f-8fe8-8ecf3db01259', '66856ccb-fe60-479a-85ba-abe9c9f6f24f'),
('781e51a5-6b8a-457f-8fe8-8ecf3db01259', 'ae58ce18-6af6-46ae-9f30-13f2babeee11'),
('781e51a5-6b8a-457f-8fe8-8ecf3db01259', '55772d49-e0a8-4222-ae20-513c3987f5e1'),
('781e51a5-6b8a-457f-8fe8-8ecf3db01259', '7acbf6d4-bd1d-4a15-85c2-cc15fb93c52c'),
('781e51a5-6b8a-457f-8fe8-8ecf3db01259', 'b16fbc34-93a0-43bc-bd2e-72c4ccf7b40f'),
('781e51a5-6b8a-457f-8fe8-8ecf3db01259', '42792110-2d4f-4953-9d77-282b1bee4445'),
('781e51a5-6b8a-457f-8fe8-8ecf3db01259', '7bb832fa-ee2b-498d-8609-20ff464219ea'),
('781e51a5-6b8a-457f-8fe8-8ecf3db01259', '2ec4c55f-b2bc-4459-9483-ce6290df6407'),
('781e51a5-6b8a-457f-8fe8-8ecf3db01259', '18d9b19f-4635-43ec-a647-dd05e560b07b'),
('781e51a5-6b8a-457f-8fe8-8ecf3db01259', '66bc2db0-6e12-4744-bc3c-a921d5a94684'),
('781e51a5-6b8a-457f-8fe8-8ecf3db01259', 'a2434e3f-c9a7-4bc8-9151-eae177e1b679'),
('781e51a5-6b8a-457f-8fe8-8ecf3db01259', '73e43f63-e497-4f6b-b8d4-9a13c77a57fb'),
('781e51a5-6b8a-457f-8fe8-8ecf3db01259', '5029d001-0327-4411-84bf-7ad71259a5d0'),
('781e51a5-6b8a-457f-8fe8-8ecf3db01259', 'e38981cb-0e3d-4c35-a544-71ea44ac3331'),
('781e51a5-6b8a-457f-8fe8-8ecf3db01259', '966c328e-d008-4d13-aaf0-96bee23b73dc'),
('2c96e41b-faab-4e92-bebc-56dbd1b7db71', '680ffd3d-4238-48d0-9852-fe5865b2aa8a'),
('2c96e41b-faab-4e92-bebc-56dbd1b7db71', '1671f0bd-a8eb-4f3f-8897-384499ff8c6f'),
('2c96e41b-faab-4e92-bebc-56dbd1b7db71', '04b5628d-b293-41f9-aa50-a60bf1e36026'),
('2c96e41b-faab-4e92-bebc-56dbd1b7db71', '889dc3d2-b0e5-4fa0-8281-d63e8372aacc'),
('2c96e41b-faab-4e92-bebc-56dbd1b7db71', '2ec4c55f-b2bc-4459-9483-ce6290df6407'),
('2c96e41b-faab-4e92-bebc-56dbd1b7db71', 'aa4b1b53-3953-4625-a370-e68bbeee855a'),
('2c96e41b-faab-4e92-bebc-56dbd1b7db71', '5029d001-0327-4411-84bf-7ad71259a5d0'),
('2c96e41b-faab-4e92-bebc-56dbd1b7db71', '712c7a7a-f474-4af3-9e11-a9514e0fc1cc'),
('2c96e41b-faab-4e92-bebc-56dbd1b7db71', '74db5c27-84db-45f9-a2b3-98bbd7d28f18'),
('2c96e41b-faab-4e92-bebc-56dbd1b7db71', '047eee10-dfd4-41c2-a3ff-f01e75bec23a'),
('2c96e41b-faab-4e92-bebc-56dbd1b7db71', 'e56855b2-6ebc-47f0-aa51-e307d8b15249'),
('2c96e41b-faab-4e92-bebc-56dbd1b7db71', '3f507772-6b3a-4ff0-b495-2a6552600517'),
('2c96e41b-faab-4e92-bebc-56dbd1b7db71', '4bfeb4cc-d44c-4972-b430-f0ab43039b95'),
('2c96e41b-faab-4e92-bebc-56dbd1b7db71', '27ed0800-b971-490c-aaed-5857b1809125'),
('2c96e41b-faab-4e92-bebc-56dbd1b7db71', '7f5ea0ee-253f-47b4-bb78-bf86e98f246c'),
('2c96e41b-faab-4e92-bebc-56dbd1b7db71', '7698f655-6645-4b42-940a-7dea5b8885a0'),
('2c96e41b-faab-4e92-bebc-56dbd1b7db71', 'e427808c-cb63-4771-80e3-df313aab2bc7'),
('2c96e41b-faab-4e92-bebc-56dbd1b7db71', '9dace65d-73dc-4ece-9051-2b38163f0e58'),
('2c96e41b-faab-4e92-bebc-56dbd1b7db71', 'cf6aef64-7c60-4d2b-994d-420a6f0d11ba'),
('bfc37fba-b6c6-428e-89a7-de7caba1b95a', '5601415a-7790-4aa1-8158-a8eeea1079a0'),
('bfc37fba-b6c6-428e-89a7-de7caba1b95a', 'c5f6bef7-e0cb-4946-aa99-5bf2712ebc6d'),
('bfc37fba-b6c6-428e-89a7-de7caba1b95a', '4782bcb4-960c-4338-a682-b7138248d2ed'),
('bfc37fba-b6c6-428e-89a7-de7caba1b95a', 'b65bdc86-5a3f-433c-a513-933754ebeb54'),
('bfc37fba-b6c6-428e-89a7-de7caba1b95a', 'e6a43f32-1f12-4b9c-bad9-720153297a84'),
('bfc37fba-b6c6-428e-89a7-de7caba1b95a', 'b8b1dcd3-137e-41e0-8ebe-7458e98cd15c'),
('bfc37fba-b6c6-428e-89a7-de7caba1b95a', 'b16fbc34-93a0-43bc-bd2e-72c4ccf7b40f'),
('bfc37fba-b6c6-428e-89a7-de7caba1b95a', '3d026d45-c4c6-4425-8b14-0a32b59fe44c'),
('bfc37fba-b6c6-428e-89a7-de7caba1b95a', 'bf54f25a-73cb-47e0-a7f9-d657448bc115'),
('bfc37fba-b6c6-428e-89a7-de7caba1b95a', '903a8a58-55b4-48a7-87e1-0861e35ffd95'),
('bfc37fba-b6c6-428e-89a7-de7caba1b95a', '4e6fc3f5-815a-406d-893e-41cebb917666'),
('bfc37fba-b6c6-428e-89a7-de7caba1b95a', '5974b760-9b78-4526-b884-c60910b03dd3'),
('bfc37fba-b6c6-428e-89a7-de7caba1b95a', 'd90b7562-c771-4380-b6a4-8542e52985de'),
('bfc37fba-b6c6-428e-89a7-de7caba1b95a', '0c02438d-4df5-4dfd-87f8-511f0f6e11cc'),
('bfc37fba-b6c6-428e-89a7-de7caba1b95a', 'cee338ed-d439-4ee3-815a-87dfaa1c2807'),
('bfc37fba-b6c6-428e-89a7-de7caba1b95a', '095a4f99-7b14-44e3-ae8d-96a0fb9a7356'),
('bfc37fba-b6c6-428e-89a7-de7caba1b95a', '6b72fdda-c63d-46d4-8c56-9fe1b0a962f4'),
('bfc37fba-b6c6-428e-89a7-de7caba1b95a', '5f7bd2c1-b42a-4e4a-ab8a-dc71c144a1af'),
('bfc37fba-b6c6-428e-89a7-de7caba1b95a', '2ec4c55f-b2bc-4459-9483-ce6290df6407'),
('bfc37fba-b6c6-428e-89a7-de7caba1b95a', '85982846-90b7-41e2-bb4b-fc2cb1b396ac'),
('bfc37fba-b6c6-428e-89a7-de7caba1b95a', 'c0de3818-af02-48c6-a5ff-36932b249121'),
('bfc37fba-b6c6-428e-89a7-de7caba1b95a', 'd1aba250-b249-42ca-90f9-fccac5aa6cd9'),
('53652a60-6fc9-484a-b1fc-e54fb275042f', '8041c221-4004-4a4e-a37f-429e0fe51806'),
('53652a60-6fc9-484a-b1fc-e54fb275042f', '6f0c4687-dcae-43a0-97d8-33cdc3d4b320'),
('53652a60-6fc9-484a-b1fc-e54fb275042f', '9f7349e7-c516-4abb-8108-dd80fa037992'),
('53652a60-6fc9-484a-b1fc-e54fb275042f', '4f4c3aa8-9b26-47ee-b170-66669d148dbe'),
('53652a60-6fc9-484a-b1fc-e54fb275042f', '38790ad3-0bfa-4096-8cb0-42c7c6d6cb45'),
('53652a60-6fc9-484a-b1fc-e54fb275042f', 'b4559ada-d401-4e99-8993-71b0b242e42b'),
('53652a60-6fc9-484a-b1fc-e54fb275042f', '9b476bdc-e2b6-4c8e-bc79-c992344a828e'),
('53652a60-6fc9-484a-b1fc-e54fb275042f', 'f210c79d-0c1e-4245-8519-9f229c43bc58'),
('53652a60-6fc9-484a-b1fc-e54fb275042f', '4b9661f8-4784-4a69-b05c-c3a4a34cdee0'),
('53652a60-6fc9-484a-b1fc-e54fb275042f', '89faeff5-a639-423a-8b4e-496fb35f2589'),
('53652a60-6fc9-484a-b1fc-e54fb275042f', '74db5c27-84db-45f9-a2b3-98bbd7d28f18'),
('53652a60-6fc9-484a-b1fc-e54fb275042f', '254c7a15-23d8-47be-a045-7b275aafaef4'),
('53652a60-6fc9-484a-b1fc-e54fb275042f', 'dfd0d148-341b-42cf-a02a-0853eedbe705'),
('53652a60-6fc9-484a-b1fc-e54fb275042f', '861540f9-c708-4ae4-a36e-f10b7a2bdd3d'),
('53652a60-6fc9-484a-b1fc-e54fb275042f', 'ca1955ac-7d2d-425d-ab42-3acb37b73c7a'),
('53652a60-6fc9-484a-b1fc-e54fb275042f', 'eb3204e1-6aa3-4146-a80f-296e42019b65'),
('53652a60-6fc9-484a-b1fc-e54fb275042f', 'fb1c0e83-cb4c-4ba1-a99c-9fb5c1967ffb'),
('53652a60-6fc9-484a-b1fc-e54fb275042f', 'cf3e32d1-a009-4384-9f00-61dcaa1806a3'),
('53652a60-6fc9-484a-b1fc-e54fb275042f', 'eb4ea161-d340-4131-be8a-43a1275b1009'),
('53652a60-6fc9-484a-b1fc-e54fb275042f', '9dbb2fb9-c779-41c5-8c61-62f72362417a'),
('53652a60-6fc9-484a-b1fc-e54fb275042f', '4a3c0c72-67c9-4347-9377-53cce10fdbd2'),
('2fc01fe1-1e98-46f0-aa55-028195f2ce70', '7bb832fa-ee2b-498d-8609-20ff464219ea'),
('2fc01fe1-1e98-46f0-aa55-028195f2ce70', 'd1aba250-b249-42ca-90f9-fccac5aa6cd9'),
('2fc01fe1-1e98-46f0-aa55-028195f2ce70', '6255476c-a8e2-4da1-9de6-cf3e60e7fd8c'),
('2fc01fe1-1e98-46f0-aa55-028195f2ce70', 'c5a39b9c-1523-4066-8896-cf20456aa7b1'),
('2fc01fe1-1e98-46f0-aa55-028195f2ce70', 'f63ce6ce-b827-473a-afe6-6d6fdb59371b'),
('2fc01fe1-1e98-46f0-aa55-028195f2ce70', 'cf6aef64-7c60-4d2b-994d-420a6f0d11ba'),
('2fc01fe1-1e98-46f0-aa55-028195f2ce70', 'c9cdca8f-39dc-4dac-8ac1-d1e99a6c0f52'),
('2fc01fe1-1e98-46f0-aa55-028195f2ce70', 'c1f0af48-822f-404b-98a6-56a6e5ef1b97'),
('2fc01fe1-1e98-46f0-aa55-028195f2ce70', 'eb3204e1-6aa3-4146-a80f-296e42019b65'),
('2fc01fe1-1e98-46f0-aa55-028195f2ce70', '2967b974-98b5-4f49-bf37-f5e7dba30973'),
('2fc01fe1-1e98-46f0-aa55-028195f2ce70', '46d4d88f-ef2b-4b0f-a1b7-76435871d112'),
('2fc01fe1-1e98-46f0-aa55-028195f2ce70', '1a782383-eb2e-475e-b4b7-1d3cc3c74ffe'),
('2fc01fe1-1e98-46f0-aa55-028195f2ce70', '5029d001-0327-4411-84bf-7ad71259a5d0'),
('2fc01fe1-1e98-46f0-aa55-028195f2ce70', '34d46761-e072-427d-b21e-b0db337e9cc5'),
('2fc01fe1-1e98-46f0-aa55-028195f2ce70', '745377c6-0ed8-4feb-a5e9-dd809b6dde83'),
('2fc01fe1-1e98-46f0-aa55-028195f2ce70', '47f004b0-090c-49ef-833f-9187e3137756'),
('2fc01fe1-1e98-46f0-aa55-028195f2ce70', 'c35af5fd-5112-4eaa-b5a4-a4a58a7b83b0'),
('2fc01fe1-1e98-46f0-aa55-028195f2ce70', '9d96f195-b04a-429e-9480-97dfd96c8f8c'),
('0d99b4ae-24b8-433a-bd5e-2101a5d13b35', 'fa117322-5434-4738-bfc2-ffeef8b785df'),
('0d99b4ae-24b8-433a-bd5e-2101a5d13b35', '9b476bdc-e2b6-4c8e-bc79-c992344a828e'),
('0d99b4ae-24b8-433a-bd5e-2101a5d13b35', '38af4221-ff7d-4561-a5b8-ec0eb58f9919'),
('0d99b4ae-24b8-433a-bd5e-2101a5d13b35', '3a852049-746e-4622-a4ef-7273db2b675d'),
('0d99b4ae-24b8-433a-bd5e-2101a5d13b35', '957d1ba4-ff5b-43db-977d-f3116e6da84f'),
('0d99b4ae-24b8-433a-bd5e-2101a5d13b35', '70de8e5a-74cb-4ae7-babf-41fd4cfff54e'),
('0d99b4ae-24b8-433a-bd5e-2101a5d13b35', 'a69d82d9-ce99-4b85-bae6-95ba2b1e06fd'),
('0d99b4ae-24b8-433a-bd5e-2101a5d13b35', '02d7d0e9-a33a-473d-9a7a-8db2c3d4d7dd'),
('0d99b4ae-24b8-433a-bd5e-2101a5d13b35', '89ddf835-e233-476a-9d2e-a50f3a039a32'),
('0d99b4ae-24b8-433a-bd5e-2101a5d13b35', '9dbb2fb9-c779-41c5-8c61-62f72362417a'),
('0d99b4ae-24b8-433a-bd5e-2101a5d13b35', '18d9b19f-4635-43ec-a647-dd05e560b07b'),
('0d99b4ae-24b8-433a-bd5e-2101a5d13b35', 'de69b110-3623-417d-b678-cfa63e5fc43a'),
('0d99b4ae-24b8-433a-bd5e-2101a5d13b35', '4686340c-59e3-41ed-a800-2cd22cb94370'),
('0d99b4ae-24b8-433a-bd5e-2101a5d13b35', '2b24c7cb-78a4-4705-843a-4d8397c6dbaf'),
('0d99b4ae-24b8-433a-bd5e-2101a5d13b35', '745377c6-0ed8-4feb-a5e9-dd809b6dde83'),
('0d99b4ae-24b8-433a-bd5e-2101a5d13b35', '45a9b50f-697e-4c84-b108-9c04c9d076de'),
('0d99b4ae-24b8-433a-bd5e-2101a5d13b35', 'b1ebe410-7ab4-412f-9f3e-2029ed433b19'),
('0d99b4ae-24b8-433a-bd5e-2101a5d13b35', '1cbf899e-fc92-4ac4-acc9-9c7422cba180'),
('0d99b4ae-24b8-433a-bd5e-2101a5d13b35', '7c2d6b71-9c27-4fc0-8314-13584cffbf6f'),
('0d99b4ae-24b8-433a-bd5e-2101a5d13b35', '49651470-7624-439b-a273-b242f3a427b7'),
('0d99b4ae-24b8-433a-bd5e-2101a5d13b35', '31944ec7-c8aa-4f39-b68b-3a5e08cac528'),
('0d99b4ae-24b8-433a-bd5e-2101a5d13b35', '87cfdb01-877a-4864-90e6-d8815f39d10c'),
('0d99b4ae-24b8-433a-bd5e-2101a5d13b35', 'b8110ac2-59e7-4262-aa15-e615f17c463f'),
('ddf5f096-66f4-40a2-b78b-b8b3af74cae1', 'bcaa621a-c46d-4258-ab6c-e6cf1449acae'),
('ddf5f096-66f4-40a2-b78b-b8b3af74cae1', '8614b838-5908-4861-b54c-9733122ef82c'),
('ddf5f096-66f4-40a2-b78b-b8b3af74cae1', 'f2b0e2b1-2b77-4d1c-bdf5-a78d9a2e66ca'),
('ddf5f096-66f4-40a2-b78b-b8b3af74cae1', 'ae1e876b-0a93-4f82-89bb-6afed13e7cdd'),
('ddf5f096-66f4-40a2-b78b-b8b3af74cae1', '0866335f-9e54-444d-ab3d-5a702ebe691b'),
('ddf5f096-66f4-40a2-b78b-b8b3af74cae1', '72868ccd-f745-450e-8b8d-d847221f7f30'),
('ddf5f096-66f4-40a2-b78b-b8b3af74cae1', '45b9e932-eca2-4eec-b85c-6289e8b60fde'),
('ddf5f096-66f4-40a2-b78b-b8b3af74cae1', '7c2d6b71-9c27-4fc0-8314-13584cffbf6f'),
('ddf5f096-66f4-40a2-b78b-b8b3af74cae1', '5601415a-7790-4aa1-8158-a8eeea1079a0'),
('ddf5f096-66f4-40a2-b78b-b8b3af74cae1', 'e6a43f32-1f12-4b9c-bad9-720153297a84'),
('ddf5f096-66f4-40a2-b78b-b8b3af74cae1', '0ff5faf0-619d-44c6-995e-81865ef0d358'),
('ddf5f096-66f4-40a2-b78b-b8b3af74cae1', 'cee338ed-d439-4ee3-815a-87dfaa1c2807'),
('ddf5f096-66f4-40a2-b78b-b8b3af74cae1', '3839fa5e-6397-4899-9ec3-c31b5767b599'),
('ddf5f096-66f4-40a2-b78b-b8b3af74cae1', 'ab76e448-b571-41ad-a8ac-66d9ed6a5ac1'),
('ddf5f096-66f4-40a2-b78b-b8b3af74cae1', '3fafc66b-f677-4707-8750-dddde83ffd6d'),
('ddf5f096-66f4-40a2-b78b-b8b3af74cae1', 'a692310f-bedf-4d97-ac5a-e5416fed4b80'),
('ddf5f096-66f4-40a2-b78b-b8b3af74cae1', '6a33f683-a892-4112-9fe2-ec8be09c2974'),
('ddf5f096-66f4-40a2-b78b-b8b3af74cae1', 'fa8960fe-0a58-4163-b224-86f66b0a9ca9'),
('ddf5f096-66f4-40a2-b78b-b8b3af74cae1', '31944ec7-c8aa-4f39-b68b-3a5e08cac528'),
('ddf5f096-66f4-40a2-b78b-b8b3af74cae1', '5ca165e4-26ce-40db-9a61-ef752dad9fc6'),
('ddf5f096-66f4-40a2-b78b-b8b3af74cae1', '794ecb2e-264d-482e-80cd-04b80188f647'),
('ddf5f096-66f4-40a2-b78b-b8b3af74cae1', 'e49ae8b4-c1ab-4a30-919e-080b66071dd2'),
('a6057443-fcd1-4988-a156-7d70882d7ecf', '39400a91-7ab9-4f13-b935-2ba7c1b11458'),
('a6057443-fcd1-4988-a156-7d70882d7ecf', '66bc2db0-6e12-4744-bc3c-a921d5a94684'),
('a6057443-fcd1-4988-a156-7d70882d7ecf', 'e38981cb-0e3d-4c35-a544-71ea44ac3331'),
('a6057443-fcd1-4988-a156-7d70882d7ecf', '0a419e7b-7546-4310-9c0d-f9c1e6e9b429'),
('a6057443-fcd1-4988-a156-7d70882d7ecf', '805e331c-b55a-42da-81bd-d989d34f3000'),
('a6057443-fcd1-4988-a156-7d70882d7ecf', '02f724c6-c777-4a10-90f9-fedeace89934'),
('a6057443-fcd1-4988-a156-7d70882d7ecf', 'aa2f1b3a-71a4-4010-8630-03e9efb34166'),
('a6057443-fcd1-4988-a156-7d70882d7ecf', '69eff17e-c4f1-42ac-8463-ada77431c943'),
('a6057443-fcd1-4988-a156-7d70882d7ecf', '32ea85b0-55a8-47f5-9c91-4ff208e096c0'),
('a6057443-fcd1-4988-a156-7d70882d7ecf', '4702d1d2-5cad-4124-955c-409b845fd275'),
('a6057443-fcd1-4988-a156-7d70882d7ecf', '957d1ba4-ff5b-43db-977d-f3116e6da84f'),
('a6057443-fcd1-4988-a156-7d70882d7ecf', '903a8a58-55b4-48a7-87e1-0861e35ffd95'),
('a6057443-fcd1-4988-a156-7d70882d7ecf', '089784bd-9cfa-4547-91ed-7851a83f729b'),
('a6057443-fcd1-4988-a156-7d70882d7ecf', '543ad5fd-0d73-4320-b8ed-8974735a3bd0'),
('a6057443-fcd1-4988-a156-7d70882d7ecf', '3e371253-024e-4e26-8ca2-0f70be8717c7'),
('a6057443-fcd1-4988-a156-7d70882d7ecf', '6255476c-a8e2-4da1-9de6-cf3e60e7fd8c'),
('a6057443-fcd1-4988-a156-7d70882d7ecf', '72868ccd-f745-450e-8b8d-d847221f7f30'),
('a6057443-fcd1-4988-a156-7d70882d7ecf', '5fe7fbe1-10d5-4065-9352-6990c6a7c4c0'),
('a6057443-fcd1-4988-a156-7d70882d7ecf', '126cb01d-967a-4c67-bf2f-6e5adc0b5023'),
('a6057443-fcd1-4988-a156-7d70882d7ecf', '79e5796a-58a1-4350-a358-287b855d44da'),
('a6057443-fcd1-4988-a156-7d70882d7ecf', '9f7349e7-c516-4abb-8108-dd80fa037992'),
('a6057443-fcd1-4988-a156-7d70882d7ecf', 'ae1e876b-0a93-4f82-89bb-6afed13e7cdd');
